{"stats":{"minecraft:used":{"minecraft:iron_bars":2,"minecraft:spruce_planks":7,"minecraft:shield":4,"minecraft:player_head":1,"minecraft:torch":17,"minecraft:dirt":8,"minecraft:white_carpet":1,"minecraft:carrot":1,"minecraft:tuff":7,"minecraft:iron_helmet":1,"minecraft:iron_boots":1,"minecraft:golden_sword":64,"minecraft:oak_sapling":3,"minecraft:furnace":4,"minecraft:cooked_beef":8,"minecraft:cobbled_deepslate":107,"minecraft:golden_axe":35,"minecraft:cooked_mutton":2,"minecraft:water_bucket":1,"minecraft:diorite":10,"minecraft:oak_planks":4,"minecraft:stone_pickaxe":200,"minecraft:baked_potato":15,"minecraft:wooden_pickaxe":4,"minecraft:composter":1,"minecraft:golden_hoe":1,"minecraft:crafting_table":11,"minecraft:red_bed":2,"minecraft:dripstone_block":2,"minecraft:smoker":4,"minecraft:apple":3,"minecraft:iron_pickaxe":274,"minecraft:gravel":3,"minecraft:stone_axe":86,"minecraft:cobblestone":154,"minecraft:cooked_porkchop":7,"minecraft:bucket":2,"minecraft:andesite":10,"minecraft:oak_boat":2,"minecraft:splash_potion":1},"minecraft:crafted":{"minecraft:oak_planks":100,"minecraft:furnace":3,"minecraft:cooked_mutton":29,"minecraft:iron_boots":1,"minecraft:iron_axe":1,"minecraft:stone_pickaxe":2,"minecraft:smoker":2,"minecraft:cooked_beef":44,"minecraft:red_dye":1,"minecraft:cooked_porkchop":7,"minecraft:crafting_table":2,"minecraft:wooden_pickaxe":1,"minecraft:iron_helmet":1,"minecraft:red_bed":1,"minecraft:bucket":1,"minecraft:stone_axe":1,"minecraft:air":0,"minecraft:oak_boat":2,"minecraft:iron_chestplate":1,"minecraft:shield":1,"minecraft:stick":20,"minecraft:iron_ingot":98,"minecraft:iron_pickaxe":2,"minecraft:iron_leggings":1,"minecraft:white_bed":1,"minecraft:torch":16},"minecraft:dropped":{"minecraft:wheat_seeds":6,"minecraft:cobblestone":3,"minecraft:granite":9,"minecraft:stick":2,"minecraft:dirt":2,"minecraft:gray_wool":1,"minecraft:string":1,"minecraft:bone":4,"minecraft:pointed_dripstone":1,"minecraft:rotten_flesh":5,"minecraft:andesite":2,"minecraft:spider_eye":2,"minecraft:arrow":9,"minecraft:wooden_pickaxe":3,"minecraft:stone_pickaxe":2,"minecraft:black_wool":1,"minecraft:egg":1},"minecraft:killed":{"minecraft:spider":3,"minecraft:skeleton":7,"minecraft:pig":8,"minecraft:sheep":19,"minecraft:zombie":10,"minecraft:cow":22},"minecraft:custom":{"minecraft:mob_kills":71,"minecraft:interact_with_crafting_table":37,"minecraft:time_since_death":96000,"minecraft:climb_one_cm":5803,"minecraft:sprint_one_cm":322097,"minecraft:walk_one_cm":101959,"minecraft:damage_blocked_by_shield":210,"minecraft:drop":28,"minecraft:talked_to_villager":7,"minecraft:play_time":96000,"minecraft:sneak_time":4049,"minecraft:walk_under_water_one_cm":1923,"minecraft:jump":2723,"minecraft:interact_with_brewingstand":1,"minecraft:interact_with_blast_furnace":21,"minecraft:walk_on_water_one_cm":993,"minecraft:total_world_time":96000,"minecraft:interact_with_furnace":24,"minecraft:time_since_rest":96000,"minecraft:damage_taken":2024,"minecraft:damage_dealt":9203,"minecraft:fly_one_cm":620005,"minecraft:swim_one_cm":3756,"minecraft:open_chest":8,"minecraft:crouch_one_cm":8046,"minecraft:interact_with_smoker":22,"minecraft:fall_one_cm":109517},"minecraft:mined":{"minecraft:diamond_ore":2,"minecraft:tuff":7,"minecraft:glow_lichen":1,"minecraft:granite":9,"minecraft:grass_block":4,"minecraft:composter":1,"minecraft:furnace":3,"minecraft:iron_ore":85,"minecraft:fire":20,"minecraft:andesite":12,"minecraft:gold_block":1,"minecraft:deepslate_iron_ore":15,"minecraft:iron_bars":2,"minecraft:stone":177,"minecraft:player_head":1,"minecraft:red_bed":2,"minecraft:smoker":4,"minecraft:crafting_table":10,"minecraft:blast_furnace":1,"minecraft:poppy":1,"minecraft:cobblestone":1,"minecraft:tall_grass":1,"minecraft:lapis_ore":4,"minecraft:diorite":10,"minecraft:ice":1,"minecraft:white_carpet":1,"minecraft:bee_nest":1,"minecraft:grass":10,"minecraft:oak_log":33,"minecraft:coal_ore":32,"minecraft:gravel":5,"minecraft:dirt":10,"minecraft:oak_leaves":4,"minecraft:deepslate":103,"minecraft:fern":2},"minecraft:broken":{"minecraft:stone_pickaxe":1,"minecraft:golden_sword":2,"minecraft:stone_axe":1,"minecraft:iron_pickaxe":1},"minecraft:picked_up":{"minecraft:crafting_table":11,"minecraft:wooden_pickaxe":2,"minecraft:gold_block":1,"minecraft:red_bed":2,"minecraft:string":1,"minecraft:white_carpet":1,"minecraft:cobbled_deepslate":107,"minecraft:spruce_planks":7,"minecraft:beef":53,"minecraft:oak_boat":1,"minecraft:player_head":2,"minecraft:poppy":1,"minecraft:egg":1,"minecraft:furnace":4,"minecraft:raw_iron":98,"minecraft:composter":1,"minecraft:torch":1,"minecraft:porkchop":15,"minecraft:pointed_dripstone":1,"minecraft:diorite":10,"minecraft:carrot":1,"minecraft:arrow":9,"minecraft:rotten_flesh":7,"minecraft:blaze_rod":1,"minecraft:mutton":29,"minecraft:cobblestone":194,"minecraft:iron_bars":2,"minecraft:white_wool":17,"minecraft:andesite":12,"minecraft:leather":24,"minecraft:smoker":4,"minecraft:flint":2,"minecraft:tuff":7,"minecraft:oak_log":33,"minecraft:dirt":10,"minecraft:lapis_lazuli":33,"minecraft:blue_bed":1,"minecraft:bone":5,"minecraft:wheat_seeds":6,"minecraft:stone_pickaxe":1,"minecraft:oak_planks":44,"minecraft:dripstone_block":2,"minecraft:gravel":3,"minecraft:blast_furnace":1,"minecraft:spider_eye":2,"minecraft:diamond":2,"minecraft:granite":9,"minecraft:gray_wool":1,"minecraft:baked_potato":15,"minecraft:oak_sapling":3,"minecraft:black_wool":1,"minecraft:coal":35}},"DataVersion":3465}