{"stats":{"minecraft:used":{"minecraft:cooked_mutton":2,"minecraft:diorite":10,"minecraft:stone_pickaxe":200,"minecraft:oak_planks":3,"minecraft:shield":2,"minecraft:wooden_pickaxe":4,"minecraft:composter":1,"minecraft:torch":17,"minecraft:golden_hoe":1,"minecraft:dirt":8,"minecraft:white_carpet":1,"minecraft:crafting_table":8,"minecraft:red_bed":2,"minecraft:carrot":1,"minecraft:tuff":7,"minecraft:smoker":2,"minecraft:iron_pickaxe":248,"minecraft:gravel":3,"minecraft:stone_axe":86,"minecraft:golden_sword":27,"minecraft:cobblestone":152,"minecraft:furnace":3,"minecraft:oak_sapling":3,"minecraft:cooked_porkchop":3,"minecraft:andesite":10,"minecraft:cobbled_deepslate":107,"minecraft:cooked_beef":6,"minecraft:golden_axe":19},"minecraft:crafted":{"minecraft:cooked_beef":6,"minecraft:red_dye":1,"minecraft:oak_planks":84,"minecraft:cooked_porkchop":7,"minecraft:crafting_table":2,"minecraft:wooden_pickaxe":1,"minecraft:red_bed":1,"minecraft:furnace":3,"minecraft:stone_axe":1,"minecraft:cooked_mutton":12,"minecraft:air":0,"minecraft:iron_chestplate":1,"minecraft:shield":1,"minecraft:iron_axe":1,"minecraft:stick":20,"minecraft:iron_ingot":23,"minecraft:iron_pickaxe":1,"minecraft:stone_pickaxe":2,"minecraft:iron_leggings":1,"minecraft:white_bed":1,"minecraft:torch":16,"minecraft:smoker":2},"minecraft:dropped":{"minecraft:wheat_seeds":6,"minecraft:pointed_dripstone":1,"minecraft:cobblestone":3,"minecraft:granite":9,"minecraft:dirt":1,"minecraft:gray_wool":1,"minecraft:andesite":2,"minecraft:spider_eye":2,"minecraft:wooden_pickaxe":1,"minecraft:string":1,"minecraft:bone":2,"minecraft:egg":1,"minecraft:black_wool":1},"minecraft:killed":{"minecraft:pig":7,"minecraft:spider":2,"minecraft:sheep":19,"minecraft:skeleton":4,"minecraft:zombie":5,"minecraft:cow":20},"minecraft:custom":{"minecraft:interact_with_furnace":13,"minecraft:mob_kills":57,"minecraft:interact_with_crafting_table":20,"minecraft:time_since_death":60000,"minecraft:climb_one_cm":192,"minecraft:time_since_rest":60000,"minecraft:sprint_one_cm":155601,"minecraft:damage_taken":1048,"minecraft:walk_one_cm":57161,"minecraft:damage_blocked_by_shield":140,"minecraft:drop":16,"minecraft:damage_dealt":6311,"minecraft:swim_one_cm":3756,"minecraft:talked_to_villager":4,"minecraft:fly_one_cm":292173,"minecraft:open_chest":3,"minecraft:crouch_one_cm":7728,"minecraft:play_time":60000,"minecraft:sneak_time":3825,"minecraft:walk_under_water_one_cm":1911,"minecraft:jump":1529,"minecraft:walk_on_water_one_cm":987,"minecraft:total_world_time":60000,"minecraft:interact_with_smoker":12,"minecraft:fall_one_cm":70350},"minecraft:mined":{"minecraft:diamond_ore":2,"minecraft:tuff":7,"minecraft:red_bed":2,"minecraft:smoker":2,"minecraft:glow_lichen":1,"minecraft:crafting_table":8,"minecraft:granite":9,"minecraft:grass_block":3,"minecraft:poppy":1,"minecraft:tall_grass":1,"minecraft:cobblestone":1,"minecraft:lapis_ore":4,"minecraft:composter":1,"minecraft:diorite":10,"minecraft:furnace":2,"minecraft:iron_ore":85,"minecraft:white_carpet":1,"minecraft:andesite":12,"minecraft:grass":5,"minecraft:coal_ore":17,"minecraft:oak_log":29,"minecraft:deepslate_iron_ore":15,"minecraft:gravel":5,"minecraft:dirt":7,"minecraft:stone":173,"minecraft:deepslate":103,"minecraft:oak_leaves":2},"minecraft:broken":{"minecraft:stone_pickaxe":1,"minecraft:stone_axe":1,"minecraft:iron_pickaxe":1},"minecraft:picked_up":{"minecraft:crafting_table":9,"minecraft:andesite":12,"minecraft:leather":24,"minecraft:wooden_pickaxe":1,"minecraft:smoker":2,"minecraft:flint":2,"minecraft:tuff":7,"minecraft:oak_log":29,"minecraft:blue_bed":1,"minecraft:lapis_lazuli":33,"minecraft:dirt":9,"minecraft:string":1,"minecraft:red_bed":2,"minecraft:white_carpet":1,"minecraft:bone":2,"minecraft:wheat_seeds":6,"minecraft:cobbled_deepslate":107,"minecraft:spruce_planks":7,"minecraft:beef":42,"minecraft:player_head":1,"minecraft:poppy":1,"minecraft:oak_planks":44,"minecraft:furnace":3,"minecraft:egg":1,"minecraft:raw_iron":98,"minecraft:composter":1,"minecraft:torch":1,"minecraft:dripstone_block":2,"minecraft:gravel":3,"minecraft:porkchop":12,"minecraft:pointed_dripstone":1,"minecraft:diorite":10,"minecraft:carrot":1,"minecraft:spider_eye":2,"minecraft:arrow":5,"minecraft:rotten_flesh":4,"minecraft:diamond":2,"minecraft:granite":9,"minecraft:blaze_rod":1,"minecraft:baked_potato":15,"minecraft:gray_wool":1,"minecraft:coal":17,"minecraft:oak_sapling":3,"minecraft:mutton":29,"minecraft:black_wool":1,"minecraft:white_wool":17,"minecraft:cobblestone":190}},"DataVersion":3465}