{"stats":{"minecraft:used":{"minecraft:stone_axe":20,"minecraft:cobblestone":1,"minecraft:crafting_table":1,"minecraft:stone_pickaxe":22,"minecraft:wooden_pickaxe":4},"minecraft:crafted":{"minecraft:oak_planks":32,"minecraft:stone_axe":1,"minecraft:crafting_table":1,"minecraft:stick":12,"minecraft:wooden_pickaxe":1,"minecraft:stone_pickaxe":1},"minecraft:killed":{"minecraft:sheep":6,"minecraft:pig":4,"minecraft:cow":1},"minecraft:custom":{"minecraft:time_since_rest":6000,"minecraft:crouch_one_cm":204,"minecraft:play_time":6000,"minecraft:sprint_one_cm":22371,"minecraft:damage_taken":20,"minecraft:walk_one_cm":7624,"minecraft:sneak_time":151,"minecraft:walk_under_water_one_cm":150,"minecraft:mob_kills":11,"minecraft:jump":199,"minecraft:damage_dealt":980,"minecraft:time_since_death":6000,"minecraft:walk_on_water_one_cm":110,"minecraft:total_world_time":6000,"minecraft:swim_one_cm":1981,"minecraft:interact_with_crafting_table":3,"minecraft:fall_one_cm":8075,"minecraft:fly_one_cm":50091},"minecraft:mined":{"minecraft:grass":2,"minecraft:oak_log":8,"minecraft:stone":26,"minecraft:oak_leaves":2,"minecraft:crafting_table":1},"minecraft:picked_up":{"minecraft:crafting_table":1,"minecraft:leather":2,"minecraft:beef":2,"minecraft:porkchop":7,"minecraft:oak_log":8,"minecraft:mutton":9,"minecraft:white_wool":6,"minecraft:cobblestone":26}},"DataVersion":3465}