{"stats":{"minecraft:used":{"minecraft:cooked_mutton":2,"minecraft:oak_planks":2,"minecraft:stone_pickaxe":26,"minecraft:wooden_pickaxe":4,"minecraft:stone_axe":86,"minecraft:cobblestone":1,"minecraft:white_carpet":1,"minecraft:crafting_table":3,"minecraft:red_bed":1,"minecraft:oak_sapling":3,"minecraft:cooked_beef":3,"minecraft:smoker":2},"minecraft:crafted":{"minecraft:cooked_beef":6,"minecraft:red_dye":1,"minecraft:oak_planks":84,"minecraft:cooked_porkchop":7,"minecraft:crafting_table":1,"minecraft:stick":20,"minecraft:wooden_pickaxe":1,"minecraft:stone_pickaxe":1,"minecraft:red_bed":1,"minecraft:furnace":2,"minecraft:white_bed":1,"minecraft:stone_axe":1,"minecraft:air":0,"minecraft:cooked_mutton":12,"minecraft:smoker":2},"minecraft:dropped":{"minecraft:dirt":1,"minecraft:gray_wool":1,"minecraft:wheat_seeds":1,"minecraft:cobblestone":3,"minecraft:wooden_pickaxe":1,"minecraft:black_wool":1},"minecraft:killed":{"minecraft:sheep":18,"minecraft:skeleton":1,"minecraft:zombie":1,"minecraft:pig":7,"minecraft:spider":1,"minecraft:cow":17},"minecraft:custom":{"minecraft:time_since_rest":18000,"minecraft:sprint_one_cm":68949,"minecraft:damage_taken":170,"minecraft:walk_one_cm":29611,"minecraft:mob_kills":45,"minecraft:drop":6,"minecraft:damage_dealt":4210,"minecraft:swim_one_cm":2453,"minecraft:interact_with_crafting_table":8,"minecraft:fly_one_cm":163554,"minecraft:open_chest":2,"minecraft:crouch_one_cm":582,"minecraft:play_time":18000,"minecraft:sneak_time":316,"minecraft:walk_under_water_one_cm":247,"minecraft:jump":610,"minecraft:climb_one_cm":192,"minecraft:walk_on_water_one_cm":406,"minecraft:time_since_death":18000,"minecraft:interact_with_smoker":12,"minecraft:total_world_time":18000,"minecraft:fall_one_cm":21641},"minecraft:mined":{"minecraft:red_bed":1,"minecraft:smoker":2,"minecraft:white_carpet":1,"minecraft:crafting_table":3,"minecraft:grass":5,"minecraft:grass_block":1,"minecraft:oak_log":29,"minecraft:poppy":1,"minecraft:dirt":1,"minecraft:tall_grass":1,"minecraft:stone":28,"minecraft:oak_leaves":2},"minecraft:broken":{"minecraft:stone_axe":1},"minecraft:picked_up":{"minecraft:crafting_table":3,"minecraft:leather":21,"minecraft:smoker":2,"minecraft:porkchop":12,"minecraft:oak_log":29,"minecraft:red_bed":1,"minecraft:string":1,"minecraft:spider_eye":1,"minecraft:dirt":1,"minecraft:white_carpet":1,"minecraft:wheat_seeds":3,"minecraft:beef":36,"minecraft:poppy":1,"minecraft:gray_wool":1,"minecraft:black_wool":1,"minecraft:oak_sapling":3,"minecraft:oak_planks":26,"minecraft:mutton":27,"minecraft:cobblestone":26,"minecraft:white_wool":16,"minecraft:egg":1}},"DataVersion":3465}