{"stats":{"minecraft:used":{"minecraft:cooked_mutton":2,"minecraft:diorite":10,"minecraft:stone_pickaxe":131,"minecraft:oak_planks":3,"minecraft:shield":1,"minecraft:wooden_pickaxe":4,"minecraft:composter":1,"minecraft:golden_hoe":1,"minecraft:dirt":4,"minecraft:white_carpet":1,"minecraft:crafting_table":6,"minecraft:red_bed":1,"minecraft:tuff":7,"minecraft:smoker":2,"minecraft:iron_pickaxe":67,"minecraft:gravel":1,"minecraft:stone_axe":86,"minecraft:cobblestone":1,"minecraft:furnace":1,"minecraft:oak_sapling":3,"minecraft:andesite":10,"minecraft:cobbled_deepslate":72,"minecraft:cooked_beef":4,"minecraft:golden_axe":9},"minecraft:crafted":{"minecraft:cooked_beef":6,"minecraft:red_dye":1,"minecraft:oak_planks":84,"minecraft:cooked_porkchop":7,"minecraft:crafting_table":2,"minecraft:wooden_pickaxe":1,"minecraft:red_bed":1,"minecraft:furnace":3,"minecraft:stone_axe":1,"minecraft:cooked_mutton":12,"minecraft:air":0,"minecraft:shield":1,"minecraft:stick":20,"minecraft:iron_ingot":4,"minecraft:iron_pickaxe":1,"minecraft:stone_pickaxe":1,"minecraft:white_bed":1,"minecraft:smoker":2},"minecraft:dropped":{"minecraft:wheat_seeds":1,"minecraft:cobblestone":3,"minecraft:dirt":1,"minecraft:gray_wool":1,"minecraft:wooden_pickaxe":1,"minecraft:black_wool":1},"minecraft:killed":{"minecraft:pig":7,"minecraft:spider":1,"minecraft:sheep":18,"minecraft:skeleton":2,"minecraft:zombie":1,"minecraft:cow":19},"minecraft:custom":{"minecraft:interact_with_furnace":5,"minecraft:mob_kills":48,"minecraft:interact_with_crafting_table":13,"minecraft:time_since_death":30000,"minecraft:climb_one_cm":192,"minecraft:time_since_rest":30000,"minecraft:sprint_one_cm":92143,"minecraft:damage_taken":309,"minecraft:walk_one_cm":36431,"minecraft:damage_blocked_by_shield":30,"minecraft:drop":6,"minecraft:damage_dealt":4627,"minecraft:swim_one_cm":2453,"minecraft:talked_to_villager":4,"minecraft:fly_one_cm":199374,"minecraft:open_chest":2,"minecraft:crouch_one_cm":2232,"minecraft:play_time":30000,"minecraft:sneak_time":1865,"minecraft:walk_under_water_one_cm":247,"minecraft:jump":884,"minecraft:walk_on_water_one_cm":406,"minecraft:total_world_time":30000,"minecraft:interact_with_smoker":12,"minecraft:fall_one_cm":31308},"minecraft:mined":{"minecraft:tuff":7,"minecraft:red_bed":1,"minecraft:smoker":2,"minecraft:crafting_table":6,"minecraft:granite":9,"minecraft:grass_block":2,"minecraft:poppy":1,"minecraft:tall_grass":1,"minecraft:composter":1,"minecraft:diorite":10,"minecraft:furnace":1,"minecraft:iron_ore":4,"minecraft:white_carpet":1,"minecraft:andesite":10,"minecraft:grass":5,"minecraft:oak_log":29,"minecraft:gravel":5,"minecraft:dirt":4,"minecraft:stone":82,"minecraft:deepslate":72,"minecraft:oak_leaves":2},"minecraft:broken":{"minecraft:stone_pickaxe":1,"minecraft:stone_axe":1},"minecraft:picked_up":{"minecraft:crafting_table":6,"minecraft:andesite":10,"minecraft:leather":24,"minecraft:smoker":2,"minecraft:flint":2,"minecraft:tuff":7,"minecraft:oak_log":29,"minecraft:dirt":5,"minecraft:string":1,"minecraft:red_bed":1,"minecraft:white_carpet":1,"minecraft:bone":1,"minecraft:wheat_seeds":3,"minecraft:cobbled_deepslate":72,"minecraft:beef":41,"minecraft:poppy":1,"minecraft:oak_planks":26,"minecraft:furnace":1,"minecraft:egg":1,"minecraft:raw_iron":4,"minecraft:composter":1,"minecraft:gravel":3,"minecraft:porkchop":12,"minecraft:diorite":10,"minecraft:spider_eye":1,"minecraft:granite":9,"minecraft:gray_wool":1,"minecraft:oak_sapling":3,"minecraft:mutton":27,"minecraft:black_wool":1,"minecraft:white_wool":16,"minecraft:cobblestone":89}},"DataVersion":3465}