{"stats":{"minecraft:used":{"minecraft:cooked_mutton":2,"minecraft:diorite":10,"minecraft:stone_pickaxe":131,"minecraft:oak_planks":3,"minecraft:shield":2,"minecraft:wooden_pickaxe":4,"minecraft:composter":1,"minecraft:torch":17,"minecraft:golden_hoe":1,"minecraft:dirt":4,"minecraft:white_carpet":1,"minecraft:crafting_table":7,"minecraft:red_bed":2,"minecraft:tuff":7,"minecraft:smoker":2,"minecraft:iron_pickaxe":202,"minecraft:gravel":3,"minecraft:stone_axe":86,"minecraft:golden_sword":11,"minecraft:cobblestone":75,"minecraft:furnace":2,"minecraft:oak_sapling":3,"minecraft:cooked_porkchop":3,"minecraft:andesite":10,"minecraft:cobbled_deepslate":72,"minecraft:cooked_beef":6,"minecraft:golden_axe":18},"minecraft:crafted":{"minecraft:cooked_beef":6,"minecraft:red_dye":1,"minecraft:oak_planks":84,"minecraft:cooked_porkchop":7,"minecraft:crafting_table":2,"minecraft:wooden_pickaxe":1,"minecraft:red_bed":1,"minecraft:furnace":3,"minecraft:stone_axe":1,"minecraft:cooked_mutton":12,"minecraft:air":0,"minecraft:iron_chestplate":1,"minecraft:shield":1,"minecraft:iron_axe":1,"minecraft:stick":20,"minecraft:iron_ingot":23,"minecraft:iron_pickaxe":1,"minecraft:stone_pickaxe":1,"minecraft:iron_leggings":1,"minecraft:white_bed":1,"minecraft:torch":16,"minecraft:smoker":2},"minecraft:dropped":{"minecraft:wheat_seeds":3,"minecraft:cobblestone":3,"minecraft:granite":9,"minecraft:dirt":1,"minecraft:gray_wool":1,"minecraft:spider_eye":2,"minecraft:wooden_pickaxe":1,"minecraft:string":1,"minecraft:egg":1,"minecraft:black_wool":1},"minecraft:killed":{"minecraft:pig":7,"minecraft:spider":2,"minecraft:sheep":19,"minecraft:skeleton":4,"minecraft:zombie":2,"minecraft:cow":20},"minecraft:custom":{"minecraft:interact_with_furnace":12,"minecraft:mob_kills":54,"minecraft:interact_with_crafting_table":19,"minecraft:time_since_death":48000,"minecraft:climb_one_cm":192,"minecraft:time_since_rest":48000,"minecraft:sprint_one_cm":138073,"minecraft:damage_taken":804,"minecraft:walk_one_cm":51412,"minecraft:damage_blocked_by_shield":140,"minecraft:drop":11,"minecraft:damage_dealt":5676,"minecraft:swim_one_cm":3756,"minecraft:talked_to_villager":4,"minecraft:fly_one_cm":258317,"minecraft:open_chest":2,"minecraft:crouch_one_cm":7279,"minecraft:play_time":48000,"minecraft:sneak_time":3678,"minecraft:walk_under_water_one_cm":1911,"minecraft:jump":1231,"minecraft:walk_on_water_one_cm":987,"minecraft:total_world_time":48000,"minecraft:interact_with_smoker":12,"minecraft:fall_one_cm":62027},"minecraft:mined":{"minecraft:diamond_ore":2,"minecraft:tuff":7,"minecraft:red_bed":2,"minecraft:smoker":2,"minecraft:glow_lichen":1,"minecraft:crafting_table":7,"minecraft:granite":9,"minecraft:grass_block":2,"minecraft:poppy":1,"minecraft:tall_grass":1,"minecraft:cobblestone":1,"minecraft:lapis_ore":4,"minecraft:composter":1,"minecraft:diorite":10,"minecraft:furnace":2,"minecraft:iron_ore":79,"minecraft:white_carpet":1,"minecraft:andesite":11,"minecraft:grass":5,"minecraft:coal_ore":17,"minecraft:oak_log":29,"minecraft:gravel":5,"minecraft:dirt":4,"minecraft:stone":109,"minecraft:deepslate":78,"minecraft:oak_leaves":2},"minecraft:broken":{"minecraft:stone_pickaxe":1,"minecraft:stone_axe":1},"minecraft:picked_up":{"minecraft:crafting_table":7,"minecraft:andesite":11,"minecraft:leather":24,"minecraft:smoker":2,"minecraft:flint":2,"minecraft:tuff":7,"minecraft:oak_log":29,"minecraft:lapis_lazuli":33,"minecraft:dirt":5,"minecraft:string":1,"minecraft:red_bed":2,"minecraft:white_carpet":1,"minecraft:bone":2,"minecraft:wheat_seeds":3,"minecraft:cobbled_deepslate":78,"minecraft:beef":42,"minecraft:poppy":1,"minecraft:oak_planks":44,"minecraft:furnace":2,"minecraft:egg":1,"minecraft:raw_iron":78,"minecraft:composter":1,"minecraft:torch":1,"minecraft:gravel":3,"minecraft:porkchop":12,"minecraft:diorite":10,"minecraft:spider_eye":2,"minecraft:arrow":4,"minecraft:diamond":2,"minecraft:granite":9,"minecraft:gray_wool":1,"minecraft:coal":17,"minecraft:oak_sapling":3,"minecraft:mutton":29,"minecraft:black_wool":1,"minecraft:white_wool":17,"minecraft:cobblestone":126}},"DataVersion":3465}