{"stats":{"minecraft:used":{"minecraft:cooked_mutton":7,"minecraft:water_bucket":15,"minecraft:stone_sword":49,"minecraft:stone_pickaxe":262,"minecraft:wooden_pickaxe":8,"minecraft:shield":35,"minecraft:iron_sword":124,"minecraft:leather_boots":1,"minecraft:cooked_chicken":6,"minecraft:rotten_flesh":2,"minecraft:iron_chestplate":1,"minecraft:torch":1,"minecraft:dirt":1,"minecraft:crafting_table":6,"minecraft:white_bed":2,"minecraft:tuff":3,"minecraft:iron_pickaxe":467,"minecraft:iron_helmet":1,"minecraft:iron_boots":1,"minecraft:diamond_sword":87,"minecraft:stone_axe":11,"minecraft:bow":13,"minecraft:cobblestone":124,"minecraft:furnace":9,"minecraft:cooked_porkchop":4,"minecraft:andesite":5,"minecraft:bucket":16,"minecraft:iron_leggings":1},"minecraft:crafted":{"minecraft:cooked_beef":16,"minecraft:oak_planks":40,"minecraft:diamond_sword":1,"minecraft:cooked_porkchop":4,"minecraft:leather_boots":1,"minecraft:crafting_table":2,"minecraft:iron_helmet":1,"minecraft:wooden_pickaxe":1,"minecraft:cooked_chicken":6,"minecraft:iron_sword":1,"minecraft:furnace":4,"minecraft:bucket":1,"minecraft:stone_axe":1,"minecraft:cooked_mutton":13,"minecraft:air":0,"minecraft:iron_boots":1,"minecraft:iron_chestplate":1,"minecraft:shield":1,"minecraft:stick":20,"minecraft:iron_ingot":134,"minecraft:iron_pickaxe":4,"minecraft:stone_pickaxe":2,"minecraft:stone_sword":1,"minecraft:iron_leggings":1,"minecraft:white_bed":1},"minecraft:dropped":{"minecraft:gravel":19,"minecraft:iron_sword":1,"minecraft:lapis_lazuli":2,"minecraft:glow_ink_sac":1,"minecraft:stone_sword":1,"minecraft:cobbled_deepslate":287,"minecraft:nether_star":1,"minecraft:tuff":8,"minecraft:feather":6,"minecraft:rotten_flesh":8,"minecraft:dirt":1,"minecraft:leather_boots":1,"minecraft:spider_eye":4,"minecraft:gold_nugget":25,"minecraft:sand":3,"minecraft:wooden_pickaxe":1,"minecraft:paper":8},"minecraft:killed":{"minecraft:cave_spider":3,"minecraft:pig":2,"minecraft:spider":6,"minecraft:creeper":2,"minecraft:sheep":7,"minecraft:skeleton":17,"minecraft:zombie":25,"minecraft:chicken":6,"minecraft:cow":7},"minecraft:custom":{"minecraft:interact_with_furnace":99,"minecraft:mob_kills":76,"minecraft:interact_with_crafting_table":28,"minecraft:leave_game":1,"minecraft:time_since_death":102040,"minecraft:sleep_in_bed":1,"minecraft:time_since_rest":66493,"minecraft:sprint_one_cm":224248,"minecraft:damage_taken":1001,"minecraft:walk_one_cm":262902,"minecraft:damage_blocked_by_shield":1140,"minecraft:drop":49,"minecraft:damage_dealt":12431,"minecraft:swim_one_cm":11352,"minecraft:fly_one_cm":393636,"minecraft:crouch_one_cm":10162,"minecraft:play_time":103196,"minecraft:deaths":1,"minecraft:sneak_time":3595,"minecraft:walk_under_water_one_cm":7398,"minecraft:jump":2252,"minecraft:walk_on_water_one_cm":14161,"minecraft:total_world_time":103196,"minecraft:fall_one_cm":115858},"minecraft:mined":{"minecraft:tuff":11,"minecraft:white_bed":2,"minecraft:deepslate_diamond_ore":7,"minecraft:glow_lichen":1,"minecraft:crafting_table":5,"minecraft:grass_block":1,"minecraft:tall_grass":11,"minecraft:cobblestone":16,"minecraft:deepslate_gold_ore":20,"minecraft:lapis_ore":9,"minecraft:oak_planks":1,"minecraft:oxeye_daisy":1,"minecraft:wall_torch":1,"minecraft:spawner":2,"minecraft:furnace":9,"minecraft:iron_ore":138,"minecraft:andesite":5,"minecraft:deepslate_lapis_ore":1,"minecraft:grass":14,"minecraft:oak_log":10,"minecraft:coal_ore":44,"minecraft:deepslate_iron_ore":4,"minecraft:gravel":21,"minecraft:sand":3,"minecraft:dirt":1,"minecraft:cobweb":40,"minecraft:stone":152,"minecraft:gold_ore":5,"minecraft:deepslate":311},"minecraft:broken":{"minecraft:stone_pickaxe":2,"minecraft:iron_pickaxe":1},"minecraft:picked_up":{"minecraft:crafting_table":5,"minecraft:feather":6,"minecraft:chicken":6,"minecraft:glow_ink_sac":1,"minecraft:andesite":5,"minecraft:leather":4,"minecraft:flint":2,"minecraft:tuff":11,"minecraft:oak_log":10,"minecraft:gunpowder":4,"minecraft:lapis_lazuli":66,"minecraft:dirt":2,"minecraft:string":51,"minecraft:bone":17,"minecraft:bow":1,"minecraft:cobbled_deepslate":322,"minecraft:raw_gold":26,"minecraft:iron_ingot":5,"minecraft:beef":16,"minecraft:oak_planks":2,"minecraft:furnace":9,"minecraft:raw_iron":142,"minecraft:torch":1,"minecraft:gravel":19,"minecraft:sand":3,"minecraft:porkchop":4,"minecraft:white_bed":2,"minecraft:spider_eye":4,"minecraft:diamond":7,"minecraft:arrow":22,"minecraft:rotten_flesh":20,"minecraft:mutton":13,"minecraft:coal":104,"minecraft:white_wool":8,"minecraft:nether_star":1,"minecraft:cobblestone":184}},"DataVersion":3465}