{"stats":{"minecraft:used":{"minecraft:water_bucket":13,"minecraft:stone_sword":49,"minecraft:stone_pickaxe":262,"minecraft:wooden_pickaxe":8,"minecraft:shield":22,"minecraft:iron_sword":123,"minecraft:leather_boots":1,"minecraft:cooked_chicken":6,"minecraft:rotten_flesh":2,"minecraft:iron_chestplate":1,"minecraft:dirt":1,"minecraft:crafting_table":5,"minecraft:white_bed":2,"minecraft:iron_pickaxe":430,"minecraft:iron_helmet":1,"minecraft:iron_boots":1,"minecraft:stone_axe":9,"minecraft:bow":9,"minecraft:cobblestone":96,"minecraft:furnace":9,"minecraft:cooked_porkchop":4,"minecraft:andesite":5,"minecraft:bucket":13,"minecraft:iron_leggings":1},"minecraft:crafted":{"minecraft:cooked_beef":16,"minecraft:oak_planks":40,"minecraft:cooked_porkchop":4,"minecraft:leather_boots":1,"minecraft:crafting_table":2,"minecraft:iron_helmet":1,"minecraft:wooden_pickaxe":1,"minecraft:cooked_chicken":6,"minecraft:iron_sword":1,"minecraft:furnace":4,"minecraft:bucket":1,"minecraft:stone_axe":1,"minecraft:cooked_mutton":13,"minecraft:air":0,"minecraft:iron_boots":1,"minecraft:iron_chestplate":1,"minecraft:shield":1,"minecraft:stick":20,"minecraft:iron_ingot":134,"minecraft:iron_pickaxe":4,"minecraft:stone_pickaxe":2,"minecraft:stone_sword":1,"minecraft:iron_leggings":1,"minecraft:white_bed":1},"minecraft:dropped":{"minecraft:gravel":19,"minecraft:lapis_lazuli":2,"minecraft:glow_ink_sac":1,"minecraft:stone_sword":1,"minecraft:cobbled_deepslate":287,"minecraft:nether_star":1,"minecraft:tuff":8,"minecraft:feather":6,"minecraft:dirt":1,"minecraft:leather_boots":1,"minecraft:spider_eye":2,"minecraft:gold_nugget":25,"minecraft:sand":3,"minecraft:wooden_pickaxe":1,"minecraft:paper":8},"minecraft:killed":{"minecraft:cave_spider":1,"minecraft:pig":2,"minecraft:spider":5,"minecraft:creeper":2,"minecraft:sheep":7,"minecraft:skeleton":11,"minecraft:zombie":13,"minecraft:chicken":6,"minecraft:cow":7},"minecraft:custom":{"minecraft:interact_with_furnace":99,"minecraft:mob_kills":55,"minecraft:interact_with_crafting_table":26,"minecraft:leave_game":1,"minecraft:time_since_death":90040,"minecraft:sleep_in_bed":1,"minecraft:time_since_rest":54493,"minecraft:sprint_one_cm":167076,"minecraft:damage_taken":673,"minecraft:walk_one_cm":199398,"minecraft:damage_blocked_by_shield":680,"minecraft:drop":44,"minecraft:damage_dealt":7916,"minecraft:swim_one_cm":11352,"minecraft:fly_one_cm":367056,"minecraft:crouch_one_cm":9564,"minecraft:play_time":91196,"minecraft:deaths":1,"minecraft:sneak_time":3460,"minecraft:walk_under_water_one_cm":7398,"minecraft:jump":2015,"minecraft:walk_on_water_one_cm":11824,"minecraft:total_world_time":91196,"minecraft:fall_one_cm":111966},"minecraft:mined":{"minecraft:tuff":8,"minecraft:white_bed":2,"minecraft:deepslate_diamond_ore":5,"minecraft:glow_lichen":1,"minecraft:crafting_table":4,"minecraft:grass_block":1,"minecraft:tall_grass":11,"minecraft:cobblestone":10,"minecraft:deepslate_gold_ore":10,"minecraft:lapis_ore":9,"minecraft:oxeye_daisy":1,"minecraft:spawner":1,"minecraft:furnace":9,"minecraft:iron_ore":138,"minecraft:andesite":5,"minecraft:deepslate_lapis_ore":1,"minecraft:grass":14,"minecraft:oak_log":10,"minecraft:coal_ore":44,"minecraft:deepslate_iron_ore":4,"minecraft:gravel":21,"minecraft:sand":3,"minecraft:dirt":1,"minecraft:cobweb":23,"minecraft:stone":152,"minecraft:gold_ore":5,"minecraft:deepslate":296},"minecraft:broken":{"minecraft:stone_pickaxe":2,"minecraft:iron_pickaxe":1},"minecraft:picked_up":{"minecraft:crafting_table":4,"minecraft:feather":6,"minecraft:chicken":6,"minecraft:glow_ink_sac":1,"minecraft:andesite":5,"minecraft:leather":4,"minecraft:flint":2,"minecraft:tuff":8,"minecraft:oak_log":10,"minecraft:gunpowder":4,"minecraft:lapis_lazuli":66,"minecraft:dirt":2,"minecraft:string":30,"minecraft:bone":7,"minecraft:bow":1,"minecraft:cobbled_deepslate":291,"minecraft:raw_gold":15,"minecraft:iron_ingot":5,"minecraft:beef":16,"minecraft:furnace":9,"minecraft:raw_iron":142,"minecraft:gravel":19,"minecraft:sand":3,"minecraft:porkchop":4,"minecraft:white_bed":2,"minecraft:spider_eye":2,"minecraft:diamond":5,"minecraft:arrow":14,"minecraft:rotten_flesh":9,"minecraft:mutton":13,"minecraft:coal":104,"minecraft:white_wool":8,"minecraft:nether_star":1,"minecraft:cobblestone":178}},"DataVersion":3465}