{"stats":{"minecraft:used":{"minecraft:cooked_mutton":10,"minecraft:water_bucket":24,"minecraft:stone_sword":49,"minecraft:stone_pickaxe":262,"minecraft:wooden_pickaxe":8,"minecraft:shield":41,"minecraft:iron_sword":124,"minecraft:leather_boots":1,"minecraft:cooked_chicken":6,"minecraft:rotten_flesh":2,"minecraft:iron_chestplate":1,"minecraft:torch":1,"minecraft:dirt":1,"minecraft:crafting_table":7,"minecraft:white_bed":2,"minecraft:tuff":4,"minecraft:iron_pickaxe":548,"minecraft:iron_helmet":1,"minecraft:iron_boots":1,"minecraft:diamond_sword":136,"minecraft:stone_axe":12,"minecraft:bow":13,"minecraft:cobblestone":158,"minecraft:furnace":9,"minecraft:cooked_porkchop":4,"minecraft:andesite":5,"minecraft:bucket":25,"minecraft:cobbled_deepslate":16,"minecraft:iron_leggings":1},"minecraft:crafted":{"minecraft:cooked_beef":16,"minecraft:oak_planks":40,"minecraft:diamond_sword":1,"minecraft:cooked_porkchop":4,"minecraft:leather_boots":1,"minecraft:crafting_table":2,"minecraft:iron_helmet":1,"minecraft:wooden_pickaxe":1,"minecraft:cooked_chicken":6,"minecraft:iron_sword":1,"minecraft:furnace":4,"minecraft:bucket":1,"minecraft:stone_axe":1,"minecraft:cooked_mutton":13,"minecraft:air":0,"minecraft:iron_boots":1,"minecraft:iron_chestplate":1,"minecraft:shield":1,"minecraft:stick":20,"minecraft:iron_ingot":134,"minecraft:iron_pickaxe":4,"minecraft:stone_pickaxe":2,"minecraft:stone_sword":1,"minecraft:iron_leggings":1,"minecraft:white_bed":1,"minecraft:diamond_chestplate":1},"minecraft:dropped":{"minecraft:gravel":19,"minecraft:iron_sword":1,"minecraft:lapis_lazuli":2,"minecraft:glow_ink_sac":1,"minecraft:stone_sword":1,"minecraft:cobbled_deepslate":287,"minecraft:nether_star":1,"minecraft:tuff":8,"minecraft:feather":6,"minecraft:rotten_flesh":8,"minecraft:dirt":1,"minecraft:iron_chestplate":1,"minecraft:leather_boots":1,"minecraft:spider_eye":4,"minecraft:gold_nugget":25,"minecraft:sand":3,"minecraft:wooden_pickaxe":1,"minecraft:paper":8},"minecraft:killed":{"minecraft:cave_spider":3,"minecraft:pig":2,"minecraft:spider":8,"minecraft:creeper":4,"minecraft:sheep":7,"minecraft:skeleton":21,"minecraft:zombie":33,"minecraft:chicken":6,"minecraft:cow":7},"minecraft:custom":{"minecraft:interact_with_furnace":99,"minecraft:mob_kills":92,"minecraft:interact_with_crafting_table":29,"minecraft:leave_game":2,"minecraft:time_since_death":118965,"minecraft:sleep_in_bed":1,"minecraft:time_since_rest":83418,"minecraft:sprint_one_cm":299846,"minecraft:damage_taken":1148,"minecraft:walk_one_cm":315425,"minecraft:damage_blocked_by_shield":1400,"minecraft:drop":50,"minecraft:damage_dealt":15828,"minecraft:swim_one_cm":11352,"minecraft:fly_one_cm":471686,"minecraft:crouch_one_cm":11825,"minecraft:play_time":120121,"minecraft:deaths":1,"minecraft:sneak_time":4088,"minecraft:walk_under_water_one_cm":7398,"minecraft:jump":2836,"minecraft:walk_on_water_one_cm":16537,"minecraft:total_world_time":120121,"minecraft:fall_one_cm":127491},"minecraft:mined":{"minecraft:tuff":15,"minecraft:white_bed":2,"minecraft:deepslate_diamond_ore":13,"minecraft:glow_lichen":1,"minecraft:crafting_table":6,"minecraft:grass_block":1,"minecraft:tall_grass":11,"minecraft:cobblestone":33,"minecraft:deepslate_gold_ore":42,"minecraft:lapis_ore":9,"minecraft:oak_planks":1,"minecraft:oxeye_daisy":1,"minecraft:wall_torch":1,"minecraft:spawner":2,"minecraft:furnace":9,"minecraft:iron_ore":138,"minecraft:andesite":5,"minecraft:deepslate_lapis_ore":1,"minecraft:grass":14,"minecraft:oak_log":10,"minecraft:coal_ore":44,"minecraft:deepslate_iron_ore":4,"minecraft:gravel":21,"minecraft:sand":3,"minecraft:dirt":1,"minecraft:cobweb":40,"minecraft:stone":152,"minecraft:gold_ore":5,"minecraft:deepslate":342},"minecraft:broken":{"minecraft:stone_pickaxe":2,"minecraft:iron_pickaxe":2},"minecraft:picked_up":{"minecraft:crafting_table":6,"minecraft:feather":6,"minecraft:chicken":6,"minecraft:glow_ink_sac":1,"minecraft:andesite":5,"minecraft:leather":4,"minecraft:flint":2,"minecraft:tuff":15,"minecraft:oak_log":10,"minecraft:gunpowder":7,"minecraft:lapis_lazuli":66,"minecraft:dirt":2,"minecraft:string":54,"minecraft:bone":22,"minecraft:bow":1,"minecraft:cobbled_deepslate":353,"minecraft:raw_gold":46,"minecraft:iron_ingot":5,"minecraft:beef":16,"minecraft:oak_planks":2,"minecraft:furnace":9,"minecraft:raw_iron":142,"minecraft:torch":1,"minecraft:gravel":19,"minecraft:sand":3,"minecraft:porkchop":4,"minecraft:white_bed":2,"minecraft:spider_eye":4,"minecraft:diamond":13,"minecraft:arrow":26,"minecraft:rotten_flesh":27,"minecraft:mutton":13,"minecraft:coal":104,"minecraft:white_wool":8,"minecraft:nether_star":1,"minecraft:cobblestone":201}},"DataVersion":3465}