{"stats":{"minecraft:used":{"minecraft:water_bucket":6,"minecraft:stone_sword":49,"minecraft:stone_pickaxe":178,"minecraft:wooden_pickaxe":8,"minecraft:shield":2,"minecraft:iron_sword":6,"minecraft:leather_boots":1,"minecraft:rotten_flesh":1,"minecraft:iron_chestplate":1,"minecraft:dirt":1,"minecraft:crafting_table":4,"minecraft:white_bed":1,"minecraft:iron_pickaxe":19,"minecraft:iron_helmet":1,"minecraft:stone_axe":8,"minecraft:cobblestone":40,"minecraft:furnace":5,"minecraft:cooked_porkchop":2,"minecraft:bucket":7,"minecraft:iron_leggings":1},"minecraft:crafted":{"minecraft:cooked_beef":16,"minecraft:oak_planks":40,"minecraft:cooked_porkchop":4,"minecraft:leather_boots":1,"minecraft:crafting_table":2,"minecraft:iron_helmet":1,"minecraft:wooden_pickaxe":1,"minecraft:cooked_chicken":6,"minecraft:iron_sword":1,"minecraft:furnace":3,"minecraft:bucket":1,"minecraft:stone_axe":1,"minecraft:cooked_mutton":13,"minecraft:air":0,"minecraft:iron_chestplate":1,"minecraft:shield":1,"minecraft:stick":12,"minecraft:iron_ingot":29,"minecraft:iron_pickaxe":1,"minecraft:stone_pickaxe":2,"minecraft:stone_sword":1,"minecraft:iron_leggings":1,"minecraft:white_bed":1},"minecraft:dropped":{"minecraft:lapis_lazuli":2,"minecraft:stone_sword":1,"minecraft:nether_star":1,"minecraft:dirt":1,"minecraft:gold_nugget":25,"minecraft:wooden_pickaxe":1,"minecraft:paper":8},"minecraft:killed":{"minecraft:pig":2,"minecraft:spider":1,"minecraft:sheep":7,"minecraft:zombie":2,"minecraft:chicken":6,"minecraft:cow":7},"minecraft:custom":{"minecraft:interact_with_furnace":62,"minecraft:mob_kills":26,"minecraft:interact_with_crafting_table":22,"minecraft:leave_game":1,"minecraft:time_since_death":54040,"minecraft:sleep_in_bed":1,"minecraft:time_since_rest":18493,"minecraft:sprint_one_cm":92973,"minecraft:damage_taken":148,"minecraft:walk_one_cm":109384,"minecraft:damage_blocked_by_shield":65,"minecraft:drop":8,"minecraft:damage_dealt":2461,"minecraft:swim_one_cm":9283,"minecraft:fly_one_cm":281875,"minecraft:crouch_one_cm":6533,"minecraft:play_time":55196,"minecraft:deaths":1,"minecraft:sneak_time":2487,"minecraft:walk_under_water_one_cm":5268,"minecraft:jump":1290,"minecraft:walk_on_water_one_cm":2806,"minecraft:total_world_time":55196,"minecraft:fall_one_cm":97766},"minecraft:mined":{"minecraft:white_bed":1,"minecraft:glow_lichen":1,"minecraft:crafting_table":3,"minecraft:grass_block":1,"minecraft:tall_grass":11,"minecraft:cobblestone":9,"minecraft:lapis_ore":9,"minecraft:oxeye_daisy":1,"minecraft:furnace":5,"minecraft:iron_ore":59,"minecraft:deepslate_lapis_ore":1,"minecraft:grass":13,"minecraft:oak_log":10,"minecraft:coal_ore":40,"minecraft:dirt":1,"minecraft:stone":76,"minecraft:gold_ore":5},"minecraft:broken":{"minecraft:stone_pickaxe":1},"minecraft:picked_up":{"minecraft:crafting_table":3,"minecraft:feather":6,"minecraft:chicken":6,"minecraft:glow_ink_sac":1,"minecraft:leather":4,"minecraft:oak_log":10,"minecraft:lapis_lazuli":66,"minecraft:dirt":2,"minecraft:string":2,"minecraft:bone":2,"minecraft:raw_gold":5,"minecraft:beef":16,"minecraft:furnace":5,"minecraft:raw_iron":59,"minecraft:porkchop":4,"minecraft:white_bed":1,"minecraft:rotten_flesh":4,"minecraft:mutton":13,"minecraft:coal":80,"minecraft:white_wool":8,"minecraft:nether_star":1,"minecraft:cobblestone":97}},"DataVersion":3465}