{"stats":{"minecraft:dropped":{"minecraft:gold_nugget":25,"minecraft:paper":8,"minecraft:nether_star":1},"minecraft:custom":{"minecraft:jump":622,"minecraft:time_since_rest":24040,"minecraft:walk_one_cm":50164,"minecraft:crouch_one_cm":2460,"minecraft:leave_game":1,"minecraft:sprint_one_cm":41586,"minecraft:play_time":25196,"minecraft:time_since_death":24040,"minecraft:walk_on_water_one_cm":1332,"minecraft:deaths":1,"minecraft:sneak_time":988,"minecraft:total_world_time":25196,"minecraft:walk_under_water_one_cm":504,"minecraft:swim_one_cm":2154,"minecraft:drop":3,"minecraft:fall_one_cm":81035,"minecraft:fly_one_cm":135179},"minecraft:picked_up":{"minecraft:bone":2,"minecraft:nether_star":1}},"DataVersion":3465}