{"stats":{"minecraft:custom":{"minecraft:jump":12,"minecraft:time_since_rest":40,"minecraft:leave_game":1,"minecraft:crouch_one_cm":39,"minecraft:deaths":1,"minecraft:sprint_one_cm":963,"minecraft:play_time":1196,"minecraft:walk_on_water_one_cm":358,"minecraft:time_since_death":40,"minecraft:walk_one_cm":1428,"minecraft:sneak_time":13,"minecraft:total_world_time":1196,"minecraft:walk_under_water_one_cm":128,"minecraft:swim_one_cm":483,"minecraft:fall_one_cm":209,"minecraft:fly_one_cm":2335}},"DataVersion":3465}