{"stats":{"minecraft:used":{"minecraft:water_bucket":12,"minecraft:stone_sword":49,"minecraft:stone_pickaxe":262,"minecraft:wooden_pickaxe":8,"minecraft:shield":13,"minecraft:iron_sword":78,"minecraft:leather_boots":1,"minecraft:cooked_chicken":3,"minecraft:rotten_flesh":2,"minecraft:iron_chestplate":1,"minecraft:dirt":1,"minecraft:crafting_table":5,"minecraft:white_bed":2,"minecraft:iron_pickaxe":201,"minecraft:iron_helmet":1,"minecraft:iron_boots":1,"minecraft:stone_axe":8,"minecraft:bow":4,"minecraft:cobblestone":76,"minecraft:furnace":9,"minecraft:cooked_porkchop":4,"minecraft:andesite":5,"minecraft:bucket":13,"minecraft:iron_leggings":1},"minecraft:crafted":{"minecraft:cooked_beef":16,"minecraft:oak_planks":40,"minecraft:cooked_porkchop":4,"minecraft:leather_boots":1,"minecraft:crafting_table":2,"minecraft:iron_helmet":1,"minecraft:wooden_pickaxe":1,"minecraft:cooked_chicken":6,"minecraft:iron_sword":1,"minecraft:furnace":4,"minecraft:bucket":1,"minecraft:stone_axe":1,"minecraft:cooked_mutton":13,"minecraft:air":0,"minecraft:iron_boots":1,"minecraft:iron_chestplate":1,"minecraft:shield":1,"minecraft:stick":20,"minecraft:iron_ingot":91,"minecraft:iron_pickaxe":4,"minecraft:stone_pickaxe":2,"minecraft:stone_sword":1,"minecraft:iron_leggings":1,"minecraft:white_bed":1},"minecraft:dropped":{"minecraft:lapis_lazuli":2,"minecraft:glow_ink_sac":1,"minecraft:stone_sword":1,"minecraft:cobbled_deepslate":78,"minecraft:nether_star":1,"minecraft:tuff":5,"minecraft:feather":6,"minecraft:dirt":1,"minecraft:leather_boots":1,"minecraft:spider_eye":1,"minecraft:gold_nugget":25,"minecraft:sand":3,"minecraft:wooden_pickaxe":1,"minecraft:paper":8},"minecraft:killed":{"minecraft:pig":2,"minecraft:spider":4,"minecraft:creeper":2,"minecraft:sheep":7,"minecraft:skeleton":8,"minecraft:zombie":11,"minecraft:chicken":6,"minecraft:cow":7},"minecraft:custom":{"minecraft:interact_with_furnace":82,"minecraft:mob_kills":48,"minecraft:interact_with_crafting_table":25,"minecraft:leave_game":1,"minecraft:time_since_death":78040,"minecraft:sleep_in_bed":1,"minecraft:time_since_rest":42493,"minecraft:sprint_one_cm":140870,"minecraft:damage_taken":382,"minecraft:walk_one_cm":160947,"minecraft:damage_blocked_by_shield":390,"minecraft:drop":17,"minecraft:damage_dealt":6672,"minecraft:swim_one_cm":11352,"minecraft:fly_one_cm":350467,"minecraft:crouch_one_cm":9352,"minecraft:play_time":79196,"minecraft:deaths":1,"minecraft:sneak_time":3384,"minecraft:walk_under_water_one_cm":7315,"minecraft:jump":1836,"minecraft:walk_on_water_one_cm":9747,"minecraft:total_world_time":79196,"minecraft:fall_one_cm":110801},"minecraft:mined":{"minecraft:tuff":5,"minecraft:white_bed":2,"minecraft:deepslate_diamond_ore":2,"minecraft:glow_lichen":1,"minecraft:crafting_table":3,"minecraft:grass_block":1,"minecraft:tall_grass":11,"minecraft:cobblestone":9,"minecraft:deepslate_gold_ore":10,"minecraft:lapis_ore":9,"minecraft:oxeye_daisy":1,"minecraft:furnace":5,"minecraft:iron_ore":138,"minecraft:andesite":5,"minecraft:deepslate_lapis_ore":1,"minecraft:grass":14,"minecraft:oak_log":10,"minecraft:coal_ore":44,"minecraft:deepslate_iron_ore":1,"minecraft:sand":3,"minecraft:dirt":1,"minecraft:stone":152,"minecraft:gold_ore":5,"minecraft:deepslate":84},"minecraft:broken":{"minecraft:stone_pickaxe":2},"minecraft:picked_up":{"minecraft:crafting_table":3,"minecraft:feather":6,"minecraft:chicken":6,"minecraft:glow_ink_sac":1,"minecraft:andesite":5,"minecraft:leather":4,"minecraft:tuff":5,"minecraft:oak_log":10,"minecraft:gunpowder":4,"minecraft:lapis_lazuli":66,"minecraft:dirt":2,"minecraft:string":5,"minecraft:bone":5,"minecraft:bow":1,"minecraft:cobbled_deepslate":78,"minecraft:raw_gold":15,"minecraft:beef":16,"minecraft:furnace":5,"minecraft:raw_iron":139,"minecraft:sand":3,"minecraft:porkchop":4,"minecraft:white_bed":2,"minecraft:spider_eye":1,"minecraft:diamond":2,"minecraft:arrow":11,"minecraft:rotten_flesh":8,"minecraft:mutton":13,"minecraft:coal":84,"minecraft:white_wool":8,"minecraft:nether_star":1,"minecraft:cobblestone":177}},"DataVersion":3465}