{"stats":{"minecraft:used":{"minecraft:water_bucket":4,"minecraft:stone_sword":44,"minecraft:stone_pickaxe":87,"minecraft:wooden_pickaxe":8,"minecraft:leather_boots":1,"minecraft:stone_axe":7,"minecraft:dirt":1,"minecraft:cobblestone":7,"minecraft:crafting_table":3,"minecraft:cooked_porkchop":1,"minecraft:furnace":2,"minecraft:bucket":5,"minecraft:white_bed":1},"minecraft:crafted":{"minecraft:cooked_beef":16,"minecraft:oak_planks":40,"minecraft:cooked_porkchop":4,"minecraft:shield":1,"minecraft:leather_boots":1,"minecraft:crafting_table":2,"minecraft:stick":8,"minecraft:cooked_chicken":6,"minecraft:iron_ingot":7,"minecraft:wooden_pickaxe":1,"minecraft:stone_pickaxe":1,"minecraft:stone_sword":1,"minecraft:furnace":2,"minecraft:white_bed":1,"minecraft:bucket":1,"minecraft:stone_axe":1,"minecraft:cooked_mutton":13,"minecraft:air":0},"minecraft:dropped":{"minecraft:nether_star":1,"minecraft:gold_nugget":25,"minecraft:paper":8},"minecraft:killed":{"minecraft:sheep":7,"minecraft:pig":2,"minecraft:chicken":6,"minecraft:cow":7},"minecraft:custom":{"minecraft:time_since_rest":6493,"minecraft:interact_with_furnace":24,"minecraft:sprint_one_cm":71393,"minecraft:damage_taken":21,"minecraft:walk_one_cm":76878,"minecraft:mob_kills":23,"minecraft:drop":3,"minecraft:damage_dealt":1775,"minecraft:swim_one_cm":6374,"minecraft:interact_with_crafting_table":16,"minecraft:fly_one_cm":261648,"minecraft:crouch_one_cm":3433,"minecraft:play_time":43196,"minecraft:deaths":1,"minecraft:sneak_time":1351,"minecraft:walk_under_water_one_cm":4666,"minecraft:jump":1092,"minecraft:leave_game":1,"minecraft:time_since_death":42040,"minecraft:walk_on_water_one_cm":2376,"minecraft:sleep_in_bed":1,"minecraft:total_world_time":43196,"minecraft:fall_one_cm":93433},"minecraft:mined":{"minecraft:white_bed":1,"minecraft:furnace":2,"minecraft:iron_ore":7,"minecraft:crafting_table":2,"minecraft:grass":13,"minecraft:coal_ore":21,"minecraft:grass_block":1,"minecraft:oak_log":10,"minecraft:tall_grass":11,"minecraft:stone":65,"minecraft:oxeye_daisy":1},"minecraft:picked_up":{"minecraft:crafting_table":2,"minecraft:raw_iron":7,"minecraft:feather":6,"minecraft:chicken":6,"minecraft:leather":4,"minecraft:porkchop":4,"minecraft:oak_log":10,"minecraft:white_bed":1,"minecraft:dirt":1,"minecraft:bone":2,"minecraft:beef":16,"minecraft:mutton":13,"minecraft:coal":35,"minecraft:nether_star":1,"minecraft:white_wool":8,"minecraft:cobblestone":65,"minecraft:furnace":1}},"DataVersion":3465}