{"stats":{"minecraft:used":{"minecraft:stone_pickaxe":43,"minecraft:baked_potato":5,"minecraft:spruce_planks":15,"minecraft:shield":7,"minecraft:wooden_pickaxe":11,"minecraft:blue_bed":2,"minecraft:player_head":1,"minecraft:torch":17,"minecraft:dirt":13,"minecraft:mutton":1,"minecraft:crafting_table":7,"minecraft:carrot":5,"minecraft:wooden_axe":73,"minecraft:iron_axe":35,"minecraft:bread":4,"minecraft:iron_pickaxe":546,"minecraft:stone_axe":47,"minecraft:rabbit_stew":1,"minecraft:cobblestone":41,"minecraft:furnace":2,"minecraft:andesite":2,"minecraft:potato":9,"minecraft:pointed_dripstone":1},"minecraft:crafted":{"minecraft:oak_planks":12,"minecraft:rabbit_stew":1,"minecraft:crafting_table":3,"minecraft:spruce_planks":68,"minecraft:wooden_pickaxe":2,"minecraft:baked_potato":20,"minecraft:iron_helmet":1,"minecraft:iron_sword":1,"minecraft:furnace":1,"minecraft:birch_planks":24,"minecraft:stone_axe":1,"minecraft:air":0,"minecraft:shield":1,"minecraft:iron_axe":1,"minecraft:stick":32,"minecraft:iron_ingot":13,"minecraft:iron_pickaxe":3,"minecraft:stone_pickaxe":1,"minecraft:wooden_axe":1,"minecraft:torch":28},"minecraft:dropped":{"minecraft:wheat_seeds":4},"minecraft:killed_by":{"minecraft:zombie":1,"minecraft:iron_golem":1},"minecraft:killed":{"minecraft:spider":3,"minecraft:iron_golem":2,"minecraft:skeleton":2,"minecraft:zombie":12},"minecraft:custom":{"minecraft:interact_with_furnace":29,"minecraft:mob_kills":19,"minecraft:traded_with_villager":1,"minecraft:interact_with_crafting_table":13,"minecraft:open_barrel":3,"minecraft:leave_game":7,"minecraft:time_since_death":12041,"minecraft:sleep_in_bed":4,"minecraft:time_since_rest":7280,"minecraft:sprint_one_cm":134936,"minecraft:damage_taken":1946,"minecraft:walk_one_cm":136461,"minecraft:damage_blocked_by_shield":175,"minecraft:drop":4,"minecraft:damage_dealt":4964,"minecraft:talked_to_villager":9,"minecraft:swim_one_cm":2710,"minecraft:fly_one_cm":120785,"minecraft:open_chest":8,"minecraft:crouch_one_cm":4859,"minecraft:play_time":78579,"minecraft:deaths":10,"minecraft:sneak_time":3185,"minecraft:walk_under_water_one_cm":193,"minecraft:jump":725,"minecraft:walk_on_water_one_cm":1688,"minecraft:interact_with_smoker":2,"minecraft:total_world_time":78579,"minecraft:fall_one_cm":10720},"minecraft:mined":{"minecraft:tuff":11,"minecraft:spruce_planks":8,"minecraft:player_wall_head":1,"minecraft:smoker":1,"minecraft:crafting_table":7,"minecraft:granite":15,"minecraft:grass_block":8,"minecraft:cobblestone":1,"minecraft:copper_ore":28,"minecraft:spruce_leaves":2,"minecraft:diorite":69,"minecraft:blue_bed":3,"minecraft:furnace":5,"minecraft:carrots":2,"minecraft:stripped_spruce_wood":12,"minecraft:birch_log":6,"minecraft:iron_ore":18,"minecraft:fire":4,"minecraft:wheat":6,"minecraft:andesite":46,"minecraft:stripped_spruce_log":5,"minecraft:grass":4,"minecraft:oak_log":3,"minecraft:potatoes":25,"minecraft:coal_ore":74,"minecraft:dirt":11,"minecraft:stone":305,"minecraft:player_head":1,"minecraft:oak_leaves":1,"minecraft:deepslate":18},"minecraft:broken":{"minecraft:iron_pickaxe":2,"minecraft:wooden_axe":1},"minecraft:picked_up":{"minecraft:wooden_axe":1,"minecraft:birch_log":6,"minecraft:crafting_table":7,"minecraft:andesite":48,"minecraft:smoker":1,"minecraft:potato":20,"minecraft:tuff":11,"minecraft:stripped_spruce_wood":12,"minecraft:oak_log":3,"minecraft:dirt":18,"minecraft:blue_bed":3,"minecraft:string":4,"minecraft:raw_copper":106,"minecraft:bone":9,"minecraft:wheat_seeds":7,"minecraft:cobbled_deepslate":18,"minecraft:spruce_planks":19,"minecraft:iron_ingot":8,"minecraft:player_head":2,"minecraft:poppy":1,"minecraft:furnace":5,"minecraft:raw_iron":18,"minecraft:torch":2,"minecraft:stripped_spruce_log":5,"minecraft:pointed_dripstone":1,"minecraft:diorite":66,"minecraft:carrot":5,"minecraft:spider_eye":1,"minecraft:arrow":2,"minecraft:rotten_flesh":5,"minecraft:granite":15,"minecraft:blaze_rod":1,"minecraft:mutton":1,"minecraft:coal":86,"minecraft:white_wool":1,"minecraft:cobblestone":303}},"DataVersion":3465}