{"stats":{"minecraft:used":{"minecraft:stone_pickaxe":85,"minecraft:baked_potato":5,"minecraft:spruce_planks":15,"minecraft:shield":7,"minecraft:wooden_pickaxe":11,"minecraft:iron_sword":36,"minecraft:blue_bed":2,"minecraft:player_head":1,"minecraft:torch":82,"minecraft:dirt":13,"minecraft:mutton":1,"minecraft:crafting_table":9,"minecraft:carrot":5,"minecraft:smoker":1,"minecraft:wooden_axe":73,"minecraft:iron_axe":36,"minecraft:bread":4,"minecraft:iron_pickaxe":795,"minecraft:stone_axe":47,"minecraft:rabbit_stew":1,"minecraft:cobblestone":120,"minecraft:furnace":5,"minecraft:andesite":2,"minecraft:potato":9,"minecraft:pointed_dripstone":1},"minecraft:crafted":{"minecraft:oak_planks":12,"minecraft:rabbit_stew":1,"minecraft:crafting_table":3,"minecraft:spruce_planks":68,"minecraft:wooden_pickaxe":2,"minecraft:baked_potato":20,"minecraft:iron_helmet":1,"minecraft:iron_sword":1,"minecraft:furnace":2,"minecraft:birch_planks":24,"minecraft:stone_axe":1,"minecraft:air":0,"minecraft:iron_chestplate":1,"minecraft:shield":2,"minecraft:iron_axe":2,"minecraft:stick":56,"minecraft:iron_ingot":28,"minecraft:iron_pickaxe":4,"minecraft:stone_pickaxe":1,"minecraft:wooden_axe":1,"minecraft:gold_ingot":15,"minecraft:torch":84},"minecraft:dropped":{"minecraft:wheat_seeds":4,"minecraft:poisonous_potato":64},"minecraft:killed_by":{"minecraft:zombie":1,"minecraft:iron_golem":1},"minecraft:killed":{"minecraft:spider":4,"minecraft:iron_golem":2,"minecraft:creeper":1,"minecraft:skeleton":3,"minecraft:zombie":16},"minecraft:custom":{"minecraft:interact_with_furnace":45,"minecraft:mob_kills":26,"minecraft:traded_with_villager":1,"minecraft:interact_with_crafting_table":20,"minecraft:open_barrel":3,"minecraft:leave_game":7,"minecraft:time_since_death":36041,"minecraft:sleep_in_bed":4,"minecraft:time_since_rest":31280,"minecraft:sprint_one_cm":164563,"minecraft:damage_taken":2036,"minecraft:walk_one_cm":225334,"minecraft:damage_blocked_by_shield":175,"minecraft:drop":5,"minecraft:damage_dealt":6284,"minecraft:talked_to_villager":9,"minecraft:swim_one_cm":2710,"minecraft:fly_one_cm":138278,"minecraft:open_chest":8,"minecraft:crouch_one_cm":6843,"minecraft:play_time":102579,"minecraft:deaths":10,"minecraft:sneak_time":4736,"minecraft:walk_under_water_one_cm":6605,"minecraft:jump":1016,"minecraft:walk_on_water_one_cm":6135,"minecraft:interact_with_smoker":3,"minecraft:total_world_time":102579,"minecraft:fall_one_cm":12944},"minecraft:mined":{"minecraft:tuff":32,"minecraft:spruce_planks":8,"minecraft:player_wall_head":1,"minecraft:smoker":2,"minecraft:crafting_table":9,"minecraft:granite":15,"minecraft:grass_block":8,"minecraft:cobblestone":35,"minecraft:copper_ore":28,"minecraft:spruce_leaves":2,"minecraft:deepslate_gold_ore":27,"minecraft:diorite":70,"minecraft:blue_bed":3,"minecraft:deepslate_copper_ore":12,"minecraft:furnace":8,"minecraft:carrots":2,"minecraft:stripped_spruce_wood":12,"minecraft:birch_log":6,"minecraft:iron_ore":26,"minecraft:fire":4,"minecraft:wheat":6,"minecraft:andesite":60,"minecraft:stripped_spruce_log":5,"minecraft:deepslate_lapis_ore":7,"minecraft:pointed_dripstone":7,"minecraft:grass":4,"minecraft:oak_log":3,"minecraft:potatoes":25,"minecraft:coal_ore":74,"minecraft:deepslate_iron_ore":22,"minecraft:dripstone_block":5,"minecraft:dirt":11,"minecraft:stone":306,"minecraft:gold_ore":13,"minecraft:player_head":1,"minecraft:oak_leaves":1,"minecraft:deepslate":132},"minecraft:broken":{"minecraft:iron_pickaxe":2,"minecraft:wooden_axe":1},"minecraft:picked_up":{"minecraft:wooden_axe":1,"minecraft:birch_log":6,"minecraft:crafting_table":9,"minecraft:andesite":62,"minecraft:smoker":2,"minecraft:potato":20,"minecraft:tuff":26,"minecraft:stripped_spruce_wood":12,"minecraft:oak_log":3,"minecraft:lapis_lazuli":42,"minecraft:dirt":18,"minecraft:blue_bed":3,"minecraft:string":6,"minecraft:raw_copper":142,"minecraft:bone":11,"minecraft:wheat_seeds":7,"minecraft:cobbled_deepslate":127,"minecraft:raw_gold":49,"minecraft:spruce_planks":19,"minecraft:iron_ingot":8,"minecraft:player_head":2,"minecraft:poppy":1,"minecraft:furnace":8,"minecraft:raw_iron":53,"minecraft:torch":2,"minecraft:poisonous_potato":128,"minecraft:dripstone_block":4,"minecraft:stripped_spruce_log":5,"minecraft:pointed_dripstone":11,"minecraft:diorite":67,"minecraft:carrot":5,"minecraft:spider_eye":2,"minecraft:arrow":3,"minecraft:rotten_flesh":8,"minecraft:granite":15,"minecraft:gold_ingot":1,"minecraft:blaze_rod":1,"minecraft:mutton":1,"minecraft:coal":169,"minecraft:white_wool":1,"minecraft:cobblestone":320}},"DataVersion":3465}