{"stats":{"minecraft:used":{"minecraft:wooden_pickaxe":7,"minecraft:shield":7,"minecraft:blue_bed":1,"minecraft:torch":4,"minecraft:dirt":5,"minecraft:mutton":1,"minecraft:crafting_table":4,"minecraft:carrot":4,"minecraft:iron_axe":35,"minecraft:bread":4,"minecraft:iron_pickaxe":296,"minecraft:stone_axe":47,"minecraft:rabbit_stew":1,"minecraft:cobblestone":37,"minecraft:furnace":2,"minecraft:potato":9},"minecraft:crafted":{"minecraft:oak_planks":12,"minecraft:rabbit_stew":1,"minecraft:crafting_table":1,"minecraft:wooden_pickaxe":1,"minecraft:iron_helmet":1,"minecraft:furnace":1,"minecraft:birch_planks":24,"minecraft:stone_axe":1,"minecraft:air":0,"minecraft:shield":1,"minecraft:iron_axe":1,"minecraft:stick":16,"minecraft:iron_ingot":13,"minecraft:iron_pickaxe":2,"minecraft:torch":8},"minecraft:dropped":{"minecraft:wheat_seeds":1},"minecraft:killed_by":{"minecraft:zombie":1},"minecraft:killed":{"minecraft:spider":3,"minecraft:iron_golem":1,"minecraft:skeleton":1,"minecraft:zombie":9},"minecraft:custom":{"minecraft:interact_with_furnace":11,"minecraft:mob_kills":14,"minecraft:traded_with_villager":1,"minecraft:interact_with_crafting_table":7,"minecraft:leave_game":6,"minecraft:time_since_death":687,"minecraft:sleep_in_bed":2,"minecraft:time_since_rest":687,"minecraft:sprint_one_cm":89186,"minecraft:damage_taken":1243,"minecraft:walk_one_cm":79937,"minecraft:damage_blocked_by_shield":175,"minecraft:drop":1,"minecraft:damage_dealt":3840,"minecraft:talked_to_villager":1,"minecraft:swim_one_cm":2710,"minecraft:fly_one_cm":88249,"minecraft:open_chest":6,"minecraft:crouch_one_cm":2820,"minecraft:play_time":52892,"minecraft:deaths":9,"minecraft:sneak_time":1914,"minecraft:walk_under_water_one_cm":193,"minecraft:jump":452,"minecraft:walk_on_water_one_cm":1534,"minecraft:interact_with_smoker":1,"minecraft:total_world_time":52892,"minecraft:fall_one_cm":6979},"minecraft:mined":{"minecraft:crafting_table":4,"minecraft:granite":2,"minecraft:grass_block":5,"minecraft:copper_ore":24,"minecraft:spruce_leaves":2,"minecraft:diorite":63,"minecraft:blue_bed":1,"minecraft:furnace":3,"minecraft:carrots":1,"minecraft:birch_log":6,"minecraft:iron_ore":18,"minecraft:andesite":19,"minecraft:grass":4,"minecraft:oak_log":3,"minecraft:coal_ore":38,"minecraft:dirt":5,"minecraft:stone":131,"minecraft:oak_leaves":1},"minecraft:broken":{"minecraft:iron_pickaxe":1},"minecraft:picked_up":{"minecraft:birch_log":6,"minecraft:crafting_table":4,"minecraft:andesite":19,"minecraft:oak_log":3,"minecraft:blue_bed":1,"minecraft:dirt":9,"minecraft:string":4,"minecraft:raw_copper":90,"minecraft:bone":4,"minecraft:wheat_seeds":1,"minecraft:iron_ingot":3,"minecraft:poppy":1,"minecraft:furnace":3,"minecraft:raw_iron":18,"minecraft:diorite":60,"minecraft:carrot":4,"minecraft:spider_eye":1,"minecraft:arrow":2,"minecraft:rotten_flesh":3,"minecraft:granite":2,"minecraft:mutton":1,"minecraft:coal":50,"minecraft:white_wool":1,"minecraft:cobblestone":129}},"DataVersion":3465}