{"stats":{"minecraft:used":{"minecraft:beetroot":1,"minecraft:spruce_planks":15,"minecraft:shield":11,"minecraft:iron_sword":203,"minecraft:player_head":1,"minecraft:torch":102,"minecraft:dirt":13,"minecraft:mutton":1,"minecraft:carrot":5,"minecraft:wooden_axe":73,"minecraft:iron_axe":49,"minecraft:rabbit_stew":1,"minecraft:furnace":10,"minecraft:potato":9,"minecraft:cobbled_deepslate":12,"minecraft:pointed_dripstone":1,"minecraft:water_bucket":4,"minecraft:stone_pickaxe":85,"minecraft:baked_potato":5,"minecraft:wooden_pickaxe":11,"minecraft:blue_bed":2,"minecraft:golden_apple":1,"minecraft:crafting_table":12,"minecraft:smoker":1,"minecraft:bread":6,"minecraft:iron_pickaxe":990,"minecraft:stone_axe":47,"minecraft:cobblestone":199,"minecraft:andesite":2,"minecraft:poisonous_potato":1,"minecraft:bucket":5},"minecraft:crafted":{"minecraft:oak_planks":12,"minecraft:rabbit_stew":1,"minecraft:raw_iron":9,"minecraft:furnace":5,"minecraft:iron_boots":1,"minecraft:iron_axe":2,"minecraft:stone_pickaxe":1,"minecraft:crafting_table":3,"minecraft:spruce_planks":68,"minecraft:iron_helmet":2,"minecraft:baked_potato":20,"minecraft:wooden_pickaxe":2,"minecraft:iron_sword":1,"minecraft:bucket":1,"minecraft:birch_planks":24,"minecraft:stone_axe":1,"minecraft:bread":2,"minecraft:air":0,"minecraft:iron_chestplate":1,"minecraft:shield":2,"minecraft:stick":56,"minecraft:iron_ingot":43,"minecraft:iron_pickaxe":5,"minecraft:wooden_axe":1,"minecraft:gold_ingot":39,"minecraft:torch":100},"minecraft:dropped":{"minecraft:wheat_seeds":4,"minecraft:dripstone_block":4,"minecraft:poisonous_potato":127,"minecraft:pufferfish":64,"minecraft:diorite":1,"minecraft:pointed_dripstone":15,"minecraft:white_carpet":5,"minecraft:spider_eye":1},"minecraft:killed_by":{"minecraft:iron_golem":1,"minecraft:zombie":1},"minecraft:killed":{"minecraft:spider":4,"minecraft:skeleton":6,"minecraft:iron_golem":2,"minecraft:creeper":1,"minecraft:zombie":40},"minecraft:custom":{"minecraft:mob_kills":55,"minecraft:interact_with_crafting_table":31,"minecraft:open_barrel":3,"minecraft:eat_cake_slice":7,"minecraft:leave_game":7,"minecraft:time_since_death":72041,"minecraft:sprint_one_cm":211400,"minecraft:walk_one_cm":393834,"minecraft:damage_blocked_by_shield":300,"minecraft:drop":13,"minecraft:talked_to_villager":9,"minecraft:play_time":138579,"minecraft:deaths":10,"minecraft:sneak_time":6438,"minecraft:walk_under_water_one_cm":7705,"minecraft:jump":1818,"minecraft:walk_on_water_one_cm":12306,"minecraft:total_world_time":138579,"minecraft:interact_with_furnace":75,"minecraft:traded_with_villager":1,"minecraft:sleep_in_bed":4,"minecraft:time_since_rest":67280,"minecraft:damage_taken":2851,"minecraft:damage_absorbed":40,"minecraft:damage_dealt":15395,"minecraft:swim_one_cm":2729,"minecraft:fly_one_cm":193994,"minecraft:open_chest":13,"minecraft:crouch_one_cm":7777,"minecraft:interact_with_smoker":3,"minecraft:fall_one_cm":24803},"minecraft:mined":{"minecraft:tuff":47,"minecraft:spruce_planks":8,"minecraft:deepslate_diamond_ore":1,"minecraft:granite":20,"minecraft:grass_block":8,"minecraft:spruce_leaves":2,"minecraft:spawner":1,"minecraft:raw_iron_block":1,"minecraft:furnace":13,"minecraft:carrots":2,"minecraft:iron_ore":26,"minecraft:fire":5,"minecraft:andesite":60,"minecraft:stripped_spruce_log":5,"minecraft:deepslate_lapis_ore":7,"minecraft:potatoes":25,"minecraft:pointed_dripstone":11,"minecraft:deepslate_iron_ore":51,"minecraft:stone":308,"minecraft:player_head":1,"minecraft:light_gray_carpet":2,"minecraft:player_wall_head":1,"minecraft:smoker":2,"minecraft:crafting_table":11,"minecraft:copper_ore":28,"minecraft:cobblestone":41,"minecraft:deepslate_gold_ore":27,"minecraft:diorite":76,"minecraft:blue_bed":3,"minecraft:wall_torch":7,"minecraft:deepslate_copper_ore":12,"minecraft:stripped_spruce_wood":12,"minecraft:birch_log":6,"minecraft:wheat":6,"minecraft:ice":4,"minecraft:white_carpet":6,"minecraft:grass":4,"minecraft:coal_ore":74,"minecraft:oak_log":3,"minecraft:dripstone_block":10,"minecraft:dirt":11,"minecraft:gold_ore":13,"minecraft:oak_leaves":1,"minecraft:deepslate":231},"minecraft:broken":{"minecraft:iron_pickaxe":3,"minecraft:wooden_axe":1},"minecraft:picked_up":{"minecraft:wooden_axe":1,"minecraft:crafting_table":11,"minecraft:string":6,"minecraft:raw_copper":142,"minecraft:white_carpet":5,"minecraft:pufferfish":64,"minecraft:beetroot":1,"minecraft:cobbled_deepslate":223,"minecraft:spruce_planks":19,"minecraft:player_head":2,"minecraft:poppy":1,"minecraft:furnace":13,"minecraft:raw_iron":82,"minecraft:torch":9,"minecraft:pointed_dripstone":16,"minecraft:diorite":74,"minecraft:carrot":5,"minecraft:arrow":6,"minecraft:rotten_flesh":46,"minecraft:gold_ingot":1,"minecraft:blaze_rod":1,"minecraft:mutton":1,"minecraft:cobblestone":326,"minecraft:white_wool":1,"minecraft:birch_log":6,"minecraft:andesite":62,"minecraft:smoker":2,"minecraft:potato":20,"minecraft:tuff":41,"minecraft:stripped_spruce_wood":12,"minecraft:oak_log":3,"minecraft:lapis_lazuli":48,"minecraft:blue_bed":3,"minecraft:dirt":18,"minecraft:bone":14,"minecraft:wheat_seeds":7,"minecraft:raw_gold":84,"minecraft:iron_ingot":8,"minecraft:poisonous_potato":128,"minecraft:raw_iron_block":1,"minecraft:dripstone_block":5,"minecraft:stripped_spruce_log":5,"minecraft:spider_eye":66,"minecraft:diamond":3,"minecraft:granite":20,"minecraft:emerald":8,"minecraft:coal":173}},"DataVersion":3465}