{"stats":{"minecraft:used":{"minecraft:baked_potato":5,"minecraft:spruce_planks":11,"minecraft:wooden_pickaxe":11,"minecraft:shield":7,"minecraft:blue_bed":2,"minecraft:player_head":1,"minecraft:torch":4,"minecraft:dirt":13,"minecraft:mutton":1,"minecraft:crafting_table":5,"minecraft:carrot":5,"minecraft:wooden_axe":44,"minecraft:iron_axe":35,"minecraft:bread":4,"minecraft:iron_pickaxe":296,"minecraft:stone_axe":47,"minecraft:rabbit_stew":1,"minecraft:cobblestone":37,"minecraft:furnace":2,"minecraft:potato":9},"minecraft:crafted":{"minecraft:oak_planks":12,"minecraft:rabbit_stew":1,"minecraft:crafting_table":2,"minecraft:spruce_planks":44,"minecraft:baked_potato":20,"minecraft:wooden_pickaxe":2,"minecraft:iron_helmet":1,"minecraft:furnace":1,"minecraft:birch_planks":24,"minecraft:stone_axe":1,"minecraft:air":0,"minecraft:shield":1,"minecraft:iron_axe":1,"minecraft:stick":20,"minecraft:iron_ingot":13,"minecraft:iron_pickaxe":2,"minecraft:wooden_axe":1,"minecraft:torch":8},"minecraft:dropped":{"minecraft:wheat_seeds":1},"minecraft:killed_by":{"minecraft:zombie":1,"minecraft:iron_golem":1},"minecraft:killed":{"minecraft:spider":3,"minecraft:iron_golem":1,"minecraft:skeleton":2,"minecraft:zombie":11},"minecraft:custom":{"minecraft:interact_with_furnace":29,"minecraft:mob_kills":17,"minecraft:traded_with_villager":1,"minecraft:interact_with_crafting_table":10,"minecraft:open_barrel":3,"minecraft:leave_game":7,"minecraft:time_since_death":41,"minecraft:sleep_in_bed":3,"minecraft:time_since_rest":41,"minecraft:sprint_one_cm":116044,"minecraft:damage_taken":1880,"minecraft:walk_one_cm":111392,"minecraft:damage_blocked_by_shield":175,"minecraft:drop":1,"minecraft:damage_dealt":4602,"minecraft:talked_to_villager":7,"minecraft:swim_one_cm":2710,"minecraft:fly_one_cm":112683,"minecraft:open_chest":8,"minecraft:crouch_one_cm":2940,"minecraft:play_time":66579,"minecraft:deaths":10,"minecraft:sneak_time":2074,"minecraft:walk_under_water_one_cm":193,"minecraft:jump":655,"minecraft:walk_on_water_one_cm":1688,"minecraft:interact_with_smoker":1,"minecraft:total_world_time":66579,"minecraft:fall_one_cm":10720},"minecraft:mined":{"minecraft:player_wall_head":1,"minecraft:crafting_table":5,"minecraft:granite":2,"minecraft:grass_block":7,"minecraft:copper_ore":24,"minecraft:spruce_leaves":2,"minecraft:diorite":63,"minecraft:blue_bed":3,"minecraft:furnace":4,"minecraft:carrots":2,"minecraft:stripped_spruce_wood":6,"minecraft:birch_log":6,"minecraft:iron_ore":18,"minecraft:wheat":6,"minecraft:fire":4,"minecraft:andesite":19,"minecraft:stripped_spruce_log":5,"minecraft:grass":4,"minecraft:potatoes":25,"minecraft:oak_log":3,"minecraft:coal_ore":38,"minecraft:dirt":11,"minecraft:stone":131,"minecraft:player_head":1,"minecraft:oak_leaves":1},"minecraft:broken":{"minecraft:iron_pickaxe":1},"minecraft:picked_up":{"minecraft:birch_log":6,"minecraft:crafting_table":5,"minecraft:andesite":19,"minecraft:potato":20,"minecraft:stripped_spruce_wood":6,"minecraft:oak_log":3,"minecraft:blue_bed":3,"minecraft:dirt":17,"minecraft:string":4,"minecraft:raw_copper":90,"minecraft:bone":6,"minecraft:wheat_seeds":4,"minecraft:spruce_planks":11,"minecraft:iron_ingot":3,"minecraft:player_head":2,"minecraft:poppy":1,"minecraft:furnace":4,"minecraft:raw_iron":18,"minecraft:stripped_spruce_log":5,"minecraft:diorite":60,"minecraft:carrot":5,"minecraft:spider_eye":1,"minecraft:arrow":2,"minecraft:rotten_flesh":4,"minecraft:granite":2,"minecraft:blaze_rod":1,"minecraft:mutton":1,"minecraft:coal":50,"minecraft:white_wool":1,"minecraft:cobblestone":129}},"DataVersion":3465}