{"stats":{"minecraft:used":{"minecraft:beetroot":1,"minecraft:stone_pickaxe":85,"minecraft:baked_potato":5,"minecraft:spruce_planks":15,"minecraft:shield":9,"minecraft:wooden_pickaxe":11,"minecraft:iron_sword":139,"minecraft:blue_bed":2,"minecraft:player_head":1,"minecraft:torch":101,"minecraft:dirt":13,"minecraft:mutton":1,"minecraft:crafting_table":12,"minecraft:carrot":5,"minecraft:smoker":1,"minecraft:wooden_axe":73,"minecraft:iron_axe":38,"minecraft:bread":6,"minecraft:iron_pickaxe":944,"minecraft:stone_axe":47,"minecraft:rabbit_stew":1,"minecraft:cobblestone":187,"minecraft:furnace":10,"minecraft:bucket":1,"minecraft:poisonous_potato":1,"minecraft:andesite":2,"minecraft:potato":9,"minecraft:pointed_dripstone":1},"minecraft:crafted":{"minecraft:oak_planks":12,"minecraft:rabbit_stew":1,"minecraft:crafting_table":3,"minecraft:spruce_planks":68,"minecraft:wooden_pickaxe":2,"minecraft:baked_potato":20,"minecraft:iron_helmet":2,"minecraft:iron_sword":1,"minecraft:furnace":5,"minecraft:bucket":1,"minecraft:birch_planks":24,"minecraft:stone_axe":1,"minecraft:bread":2,"minecraft:air":0,"minecraft:iron_boots":1,"minecraft:iron_chestplate":1,"minecraft:shield":2,"minecraft:iron_axe":2,"minecraft:stick":56,"minecraft:iron_ingot":43,"minecraft:iron_pickaxe":5,"minecraft:stone_pickaxe":1,"minecraft:wooden_axe":1,"minecraft:gold_ingot":39,"minecraft:torch":100},"minecraft:dropped":{"minecraft:wheat_seeds":4,"minecraft:dripstone_block":4,"minecraft:pointed_dripstone":15,"minecraft:poisonous_potato":127,"minecraft:pufferfish":64,"minecraft:spider_eye":1},"minecraft:killed_by":{"minecraft:zombie":1,"minecraft:iron_golem":1},"minecraft:killed":{"minecraft:spider":4,"minecraft:iron_golem":2,"minecraft:creeper":1,"minecraft:skeleton":5,"minecraft:zombie":32},"minecraft:custom":{"minecraft:interact_with_furnace":75,"minecraft:mob_kills":46,"minecraft:traded_with_villager":1,"minecraft:interact_with_crafting_table":31,"minecraft:open_barrel":3,"minecraft:eat_cake_slice":7,"minecraft:leave_game":7,"minecraft:time_since_death":60041,"minecraft:sleep_in_bed":4,"minecraft:time_since_rest":55280,"minecraft:sprint_one_cm":177732,"minecraft:damage_taken":2410,"minecraft:walk_one_cm":329339,"minecraft:damage_blocked_by_shield":230,"minecraft:drop":11,"minecraft:damage_dealt":11757,"minecraft:talked_to_villager":9,"minecraft:swim_one_cm":2729,"minecraft:fly_one_cm":142471,"minecraft:open_chest":13,"minecraft:crouch_one_cm":7686,"minecraft:play_time":126579,"minecraft:deaths":10,"minecraft:sneak_time":6321,"minecraft:walk_under_water_one_cm":7193,"minecraft:jump":1413,"minecraft:walk_on_water_one_cm":7341,"minecraft:interact_with_smoker":3,"minecraft:total_world_time":126579,"minecraft:fall_one_cm":18336},"minecraft:mined":{"minecraft:tuff":42,"minecraft:spruce_planks":8,"minecraft:deepslate_diamond_ore":1,"minecraft:player_wall_head":1,"minecraft:smoker":2,"minecraft:crafting_table":11,"minecraft:granite":15,"minecraft:grass_block":8,"minecraft:cobblestone":41,"minecraft:copper_ore":28,"minecraft:spruce_leaves":2,"minecraft:deepslate_gold_ore":27,"minecraft:diorite":70,"minecraft:spawner":1,"minecraft:wall_torch":7,"minecraft:blue_bed":3,"minecraft:deepslate_copper_ore":12,"minecraft:raw_iron_block":1,"minecraft:furnace":13,"minecraft:carrots":2,"minecraft:stripped_spruce_wood":12,"minecraft:birch_log":6,"minecraft:iron_ore":26,"minecraft:fire":4,"minecraft:wheat":6,"minecraft:andesite":60,"minecraft:stripped_spruce_log":5,"minecraft:deepslate_lapis_ore":7,"minecraft:pointed_dripstone":11,"minecraft:grass":4,"minecraft:oak_log":3,"minecraft:potatoes":25,"minecraft:coal_ore":74,"minecraft:deepslate_iron_ore":44,"minecraft:dripstone_block":10,"minecraft:dirt":11,"minecraft:stone":306,"minecraft:gold_ore":13,"minecraft:player_head":1,"minecraft:oak_leaves":1,"minecraft:deepslate":224},"minecraft:broken":{"minecraft:iron_pickaxe":3,"minecraft:wooden_axe":1},"minecraft:picked_up":{"minecraft:wooden_axe":1,"minecraft:birch_log":6,"minecraft:crafting_table":11,"minecraft:andesite":62,"minecraft:smoker":2,"minecraft:potato":20,"minecraft:tuff":36,"minecraft:stripped_spruce_wood":12,"minecraft:oak_log":3,"minecraft:lapis_lazuli":42,"minecraft:dirt":18,"minecraft:blue_bed":3,"minecraft:string":6,"minecraft:raw_copper":142,"minecraft:pufferfish":64,"minecraft:bone":14,"minecraft:beetroot":1,"minecraft:wheat_seeds":7,"minecraft:cobbled_deepslate":216,"minecraft:raw_gold":76,"minecraft:spruce_planks":19,"minecraft:iron_ingot":8,"minecraft:player_head":2,"minecraft:poppy":1,"minecraft:furnace":13,"minecraft:raw_iron":75,"minecraft:raw_iron_block":1,"minecraft:torch":9,"minecraft:poisonous_potato":128,"minecraft:dripstone_block":5,"minecraft:stripped_spruce_log":5,"minecraft:pointed_dripstone":16,"minecraft:diorite":67,"minecraft:carrot":5,"minecraft:spider_eye":66,"minecraft:arrow":6,"minecraft:rotten_flesh":38,"minecraft:diamond":3,"minecraft:granite":15,"minecraft:emerald":8,"minecraft:gold_ingot":1,"minecraft:blaze_rod":1,"minecraft:mutton":1,"minecraft:coal":173,"minecraft:white_wool":1,"minecraft:cobblestone":326}},"DataVersion":3465}