{"stats":{"minecraft:used":{"minecraft:wooden_pickaxe":7,"minecraft:rabbit_stew":1,"minecraft:stone_axe":41,"minecraft:dirt":3,"minecraft:mutton":1,"minecraft:crafting_table":3,"minecraft:potato":9},"minecraft:crafted":{"minecraft:oak_planks":12,"minecraft:rabbit_stew":1,"minecraft:crafting_table":1,"minecraft:stick":8,"minecraft:iron_pickaxe":1,"minecraft:wooden_pickaxe":1,"minecraft:stone_axe":1},"minecraft:dropped":{"minecraft:wheat_seeds":1},"minecraft:killed":{"minecraft:skeleton":1,"minecraft:zombie":1,"minecraft:spider":1,"minecraft:iron_golem":1},"minecraft:custom":{"minecraft:time_since_rest":6402,"minecraft:interact_with_furnace":1,"minecraft:sprint_one_cm":63304,"minecraft:damage_taken":166,"minecraft:walk_one_cm":28954,"minecraft:mob_kills":4,"minecraft:drop":1,"minecraft:damage_dealt":1539,"minecraft:traded_with_villager":1,"minecraft:talked_to_villager":1,"minecraft:swim_one_cm":2710,"minecraft:interact_with_crafting_table":3,"minecraft:fly_one_cm":62123,"minecraft:open_chest":3,"minecraft:crouch_one_cm":38,"minecraft:play_time":36000,"minecraft:sneak_time":436,"minecraft:walk_under_water_one_cm":193,"minecraft:jump":255,"minecraft:walk_on_water_one_cm":1511,"minecraft:time_since_death":36000,"minecraft:sleep_in_bed":1,"minecraft:interact_with_smoker":1,"minecraft:total_world_time":36000,"minecraft:fall_one_cm":3311},"minecraft:mined":{"minecraft:furnace":1,"minecraft:birch_log":6,"minecraft:crafting_table":3,"minecraft:grass":4,"minecraft:grass_block":4,"minecraft:oak_log":3,"minecraft:dirt":4,"minecraft:spruce_leaves":2,"minecraft:stone":3,"minecraft:oak_leaves":1,"minecraft:blue_bed":1},"minecraft:picked_up":{"minecraft:birch_log":6,"minecraft:crafting_table":3,"minecraft:oak_log":3,"minecraft:blue_bed":1,"minecraft:string":2,"minecraft:dirt":7,"minecraft:bone":2,"minecraft:arrow":2,"minecraft:rotten_flesh":2,"minecraft:wheat_seeds":1,"minecraft:iron_ingot":3,"minecraft:poppy":1,"minecraft:mutton":1,"minecraft:white_wool":1,"minecraft:cobblestone":3,"minecraft:furnace":1}},"DataVersion":3465}