{"stats":{"minecraft:used":{"minecraft:bedrock":7,"minecraft:torch":5,"minecraft:cobblestone":14,"minecraft:crafting_table":1,"minecraft:zombie_spawn_egg":1,"minecraft:deepslate":12},"minecraft:dropped":{"minecraft:cobblestone":9,"minecraft:rotten_flesh":1,"minecraft:cobbled_deepslate":1,"minecraft:poisonous_potato":64},"minecraft:custom":{"minecraft:time_since_rest":30040,"minecraft:crouch_one_cm":2295,"minecraft:deaths":1,"minecraft:play_time":37330,"minecraft:sprint_one_cm":84589,"minecraft:damage_taken":290,"minecraft:walk_one_cm":51001,"minecraft:sneak_time":1120,"minecraft:walk_under_water_one_cm":6500,"minecraft:drop":6,"minecraft:jump":579,"minecraft:leave_game":1,"minecraft:walk_on_water_one_cm":597,"minecraft:time_since_death":30040,"minecraft:total_world_time":37330,"minecraft:swim_one_cm":7010,"minecraft:fall_one_cm":4357,"minecraft:fly_one_cm":206159},"minecraft:picked_up":{"minecraft:cobbled_deepslate":3,"minecraft:totem_of_undying":1,"minecraft:iron_sword":1,"minecraft:cobblestone":18}},"DataVersion":3465}