{"stats":{"minecraft:used":{"minecraft:soul_sand":10,"minecraft:netherite_sword":1,"minecraft:bedrock":7,"minecraft:torch":5,"minecraft:mossy_cobblestone":21,"minecraft:diamond_block":2,"minecraft:firework_rocket":224,"minecraft:cobblestone":14,"minecraft:hay_block":1,"minecraft:crafting_table":1,"minecraft:grass_block":10,"minecraft:zombie_spawn_egg":1,"minecraft:deepslate":12},"minecraft:dropped":{"minecraft:cobblestone":9,"minecraft:rotten_flesh":1,"minecraft:cobbled_deepslate":1,"minecraft:poisonous_potato":64},"minecraft:custom":{"minecraft:time_since_rest":48040,"minecraft:crouch_one_cm":3365,"minecraft:deaths":1,"minecraft:play_time":55330,"minecraft:sprint_one_cm":114992,"minecraft:damage_taken":290,"minecraft:walk_one_cm":72761,"minecraft:sneak_time":1737,"minecraft:walk_under_water_one_cm":6500,"minecraft:drop":6,"minecraft:aviate_one_cm":767018,"minecraft:jump":814,"minecraft:damage_dealt":67,"minecraft:leave_game":1,"minecraft:walk_on_water_one_cm":1134,"minecraft:time_since_death":48040,"minecraft:total_world_time":55330,"minecraft:swim_one_cm":7010,"minecraft:fall_one_cm":4357,"minecraft:fly_one_cm":500204},"minecraft:picked_up":{"minecraft:bone":1,"minecraft:rotten_flesh":1,"minecraft:cobbled_deepslate":3,"minecraft:netherite_sword":1,"minecraft:totem_of_undying":1,"minecraft:iron_sword":1,"minecraft:cobblestone":20}},"DataVersion":3465}