{"stats":{"minecraft:used":{"minecraft:bedrock":7,"minecraft:torch":3},"minecraft:dropped":{"minecraft:cobbled_deepslate":1,"minecraft:poisonous_potato":64,"minecraft:rotten_flesh":1},"minecraft:custom":{"minecraft:jump":487,"minecraft:time_since_rest":18040,"minecraft:crouch_one_cm":2106,"minecraft:damage_taken":290,"minecraft:walk_one_cm":37889,"minecraft:leave_game":1,"minecraft:sprint_one_cm":72529,"minecraft:play_time":25330,"minecraft:time_since_death":18040,"minecraft:walk_on_water_one_cm":548,"minecraft:deaths":1,"minecraft:sneak_time":603,"minecraft:total_world_time":25330,"minecraft:walk_under_water_one_cm":6187,"minecraft:swim_one_cm":7010,"minecraft:drop":3,"minecraft:fall_one_cm":4357,"minecraft:fly_one_cm":97558},"minecraft:picked_up":{"minecraft:cobbled_deepslate":3}},"DataVersion":3465}