{"stats":{"minecraft:dropped":{"minecraft:poisonous_potato":64},"minecraft:custom":{"minecraft:jump":158,"minecraft:time_since_rest":6040,"minecraft:crouch_one_cm":571,"minecraft:damage_taken":290,"minecraft:walk_one_cm":12895,"minecraft:leave_game":1,"minecraft:sprint_one_cm":30401,"minecraft:play_time":13330,"minecraft:time_since_death":6040,"minecraft:walk_on_water_one_cm":548,"minecraft:deaths":1,"minecraft:sneak_time":179,"minecraft:total_world_time":13330,"minecraft:walk_under_water_one_cm":6187,"minecraft:swim_one_cm":7010,"minecraft:drop":1,"minecraft:fall_one_cm":4357,"minecraft:fly_one_cm":46628}},"DataVersion":3465}