{"stats":{"minecraft:dropped":{"minecraft:gold_nugget":4,"minecraft:golden_apple":64},"minecraft:custom":{"minecraft:time_since_rest":204016,"minecraft:sprint_one_cm":112668,"minecraft:damage_absorbed":16,"minecraft:walk_one_cm":54235,"minecraft:mob_kills":3,"minecraft:drop":5,"minecraft:damage_dealt":700,"minecraft:swim_one_cm":1353,"minecraft:interact_with_crafting_table":13,"minecraft:fly_one_cm":971052,"minecraft:crouch_one_cm":1122,"minecraft:play_time":204016,"minecraft:open_shulker_box":30,"minecraft:sneak_time":933,"minecraft:walk_under_water_one_cm":9180,"minecraft:jump":1515,"minecraft:leave_game":6,"minecraft:time_since_death":204016,"minecraft:walk_on_water_one_cm":2407,"minecraft:total_world_time":204016,"minecraft:fall_one_cm":1732},"minecraft:crafted":{"minecraft:iron_shovel":1,"minecraft:diamond_chestplate":6},"minecraft:picked_up":{"minecraft:porkchop":1,"minecraft:gunpowder":1,"minecraft:shulker_box":6,"minecraft:rotten_flesh":2,"minecraft:gold_nugget":4,"minecraft:golden_apple":64,"minecraft:egg":1},"minecraft:killed":{"minecraft:zombie":1,"minecraft:pig":1,"minecraft:creeper":1},"minecraft:used":{"minecraft:creeper_spawn_egg":1,"minecraft:sea_lantern":2,"minecraft:smooth_quartz_slab":26,"minecraft:polished_basalt":6,"minecraft:chest":1,"minecraft:stone_brick_stairs":4,"minecraft:stone_bricks":13,"minecraft:golden_apple":1,"minecraft:diamond_sword":15,"minecraft:diamond_block":5,"minecraft:crafting_table":2,"minecraft:shulker_box":6,"minecraft:smooth_stone_slab":13,"minecraft:golden_axe":1},"minecraft:mined":{"minecraft:grass":1}},"DataVersion":3465}