{"stats":{"minecraft:used":{"minecraft:netherite_sword":25,"minecraft:enchanting_table":1,"minecraft:smooth_quartz_slab":26,"minecraft:birch_planks":142,"minecraft:polished_basalt":6,"minecraft:chest":3,"minecraft:iron_sword":20,"minecraft:golden_apple":1,"minecraft:diamond_block":6,"minecraft:dirt":14,"minecraft:sand":2,"minecraft:anvil":1,"minecraft:crafting_table":3,"minecraft:shulker_box":6,"minecraft:dripstone_block":3,"minecraft:cake":1,"minecraft:milk_bucket":1,"minecraft:creeper_spawn_egg":3,"minecraft:sea_lantern":6,"minecraft:bookshelf":21,"minecraft:command_block":11,"minecraft:grass_block":5,"minecraft:oak_button":1,"minecraft:stone_button":6,"minecraft:deepslate":1,"minecraft:totem_of_undying":12,"minecraft:stone_bricks":13,"minecraft:stone_brick_stairs":4,"minecraft:diamond_sword":26,"minecraft:smooth_stone_slab":13,"minecraft:splash_potion":12,"minecraft:golden_axe":1},"minecraft:crafted":{"minecraft:leather_leggings":1,"minecraft:leather_boots":1,"minecraft:leather_helmet":1,"minecraft:leather_chestplate":1,"minecraft:iron_shovel":1,"minecraft:diamond_chestplate":6},"minecraft:dropped":{"minecraft:furnace":1,"minecraft:iron_sword":2,"minecraft:wheat_seeds":6,"minecraft:player_head":1,"minecraft:baked_potato":15,"minecraft:blaze_rod":1,"minecraft:nether_star":1,"minecraft:tuff":5,"minecraft:pointed_dripstone":1,"minecraft:beetroot":1,"minecraft:rotten_flesh":1,"minecraft:book":1,"minecraft:totem_of_undying":1,"minecraft:golden_apple":64,"minecraft:pufferfish":64,"minecraft:spruce_planks":7,"minecraft:wooden_axe":1,"minecraft:spider_eye":64,"minecraft:gold_nugget":4,"minecraft:wooden_pickaxe":1,"minecraft:bone":2},"minecraft:killed":{"minecraft:pig":1,"minecraft:bat":1,"minecraft:creeper":2,"minecraft:sheep":1,"minecraft:trader_llama":2,"minecraft:pillager":2,"minecraft:zombie":9},"minecraft:custom":{"minecraft:mob_kills":19,"minecraft:interact_with_anvil":1,"minecraft:interact_with_crafting_table":14,"minecraft:open_shulker_box":30,"minecraft:leave_game":16,"minecraft:time_since_death":222478,"minecraft:time_since_rest":222478,"minecraft:sprint_one_cm":360702,"minecraft:walk_one_cm":235346,"minecraft:damage_taken":4575,"minecraft:damage_absorbed":16,"minecraft:drop":28,"minecraft:damage_dealt":4123,"minecraft:swim_one_cm":2778,"minecraft:fly_one_cm":5346954,"minecraft:open_chest":3,"minecraft:crouch_one_cm":6653,"minecraft:play_time":655886,"minecraft:deaths":6,"minecraft:sneak_time":13250,"minecraft:walk_under_water_one_cm":39739,"minecraft:jump":4879,"minecraft:walk_on_water_one_cm":32757,"minecraft:enchant_item":3,"minecraft:total_world_time":655886,"minecraft:fall_one_cm":49408},"minecraft:mined":{"minecraft:grass":6},"minecraft:picked_up":{"minecraft:wooden_axe":1,"minecraft:leather_chestplate":1,"minecraft:leather_leggings":1,"minecraft:leather":1,"minecraft:diamond_sword":1,"minecraft:wooden_pickaxe":1,"minecraft:tuff":5,"minecraft:gunpowder":1,"minecraft:paper":8,"minecraft:white_banner":1,"minecraft:cooked_mutton":2,"minecraft:leather_boots":1,"minecraft:gold_nugget":29,"minecraft:wheat_seeds":6,"minecraft:cobbled_deepslate":3,"minecraft:raw_gold":10,"minecraft:spruce_planks":7,"minecraft:player_head":1,"minecraft:iron_sword":1,"minecraft:egg":1,"minecraft:furnace":1,"minecraft:book":1,"minecraft:porkchop":1,"minecraft:stone_button":1,"minecraft:pointed_dripstone":1,"minecraft:shulker_box":6,"minecraft:leather_helmet":1,"minecraft:black_dye":60,"minecraft:rotten_flesh":16,"minecraft:diamond":1,"minecraft:golden_apple":64,"minecraft:emerald":2,"minecraft:baked_potato":15,"minecraft:blaze_rod":1,"minecraft:white_wool":1,"minecraft:nether_star":1}},"DataVersion":3465}