{"stats":{"minecraft:used":{"minecraft:creeper_spawn_egg":3,"minecraft:netherite_sword":23,"minecraft:sea_lantern":6,"minecraft:enchanting_table":1,"minecraft:bookshelf":21,"minecraft:command_block":7,"minecraft:birch_planks":142,"minecraft:smooth_quartz_slab":26,"minecraft:grass_block":5,"minecraft:polished_basalt":6,"minecraft:chest":3,"minecraft:iron_sword":8,"minecraft:totem_of_undying":11,"minecraft:stone_brick_stairs":4,"minecraft:stone_bricks":13,"minecraft:sand":2,"minecraft:golden_apple":1,"minecraft:diamond_sword":26,"minecraft:diamond_block":6,"minecraft:dirt":6,"minecraft:anvil":1,"minecraft:crafting_table":2,"minecraft:shulker_box":6,"minecraft:smooth_stone_slab":13,"minecraft:milk_bucket":1,"minecraft:golden_axe":1},"minecraft:crafted":{"minecraft:leather_leggings":1,"minecraft:leather_boots":1,"minecraft:leather_chestplate":1,"minecraft:iron_shovel":1,"minecraft:leather_helmet":1,"minecraft:diamond_chestplate":6},"minecraft:dropped":{"minecraft:iron_sword":1,"minecraft:nether_star":1,"minecraft:book":1,"minecraft:gold_nugget":4,"minecraft:golden_apple":64,"minecraft:bone":2},"minecraft:killed":{"minecraft:trader_llama":2,"minecraft:pillager":2,"minecraft:zombie":3,"minecraft:pig":1,"minecraft:bat":1,"minecraft:creeper":2},"minecraft:custom":{"minecraft:time_since_rest":132478,"minecraft:sprint_one_cm":283761,"minecraft:damage_absorbed":16,"minecraft:damage_taken":4095,"minecraft:walk_one_cm":158339,"minecraft:interact_with_anvil":1,"minecraft:mob_kills":11,"minecraft:drop":10,"minecraft:damage_dealt":2467,"minecraft:swim_one_cm":2778,"minecraft:interact_with_crafting_table":13,"minecraft:fly_one_cm":3979528,"minecraft:open_chest":1,"minecraft:crouch_one_cm":3361,"minecraft:play_time":565886,"minecraft:open_shulker_box":30,"minecraft:deaths":6,"minecraft:sneak_time":9874,"minecraft:walk_under_water_one_cm":31122,"minecraft:jump":3934,"minecraft:leave_game":16,"minecraft:time_since_death":132478,"minecraft:walk_on_water_one_cm":30765,"minecraft:enchant_item":3,"minecraft:total_world_time":565886,"minecraft:fall_one_cm":44166},"minecraft:mined":{"minecraft:grass":6},"minecraft:picked_up":{"minecraft:book":1,"minecraft:leather_chestplate":1,"minecraft:leather_leggings":1,"minecraft:leather":1,"minecraft:diamond_sword":1,"minecraft:porkchop":1,"minecraft:gunpowder":1,"minecraft:paper":8,"minecraft:white_banner":1,"minecraft:shulker_box":6,"minecraft:leather_helmet":1,"minecraft:black_dye":60,"minecraft:leather_boots":1,"minecraft:rotten_flesh":3,"minecraft:gold_nugget":29,"minecraft:golden_apple":64,"minecraft:iron_sword":1,"minecraft:nether_star":1,"minecraft:egg":1}},"DataVersion":3465}