{"stats":{"minecraft:used":{"minecraft:creeper_spawn_egg":3,"minecraft:netherite_sword":15,"minecraft:sea_lantern":6,"minecraft:enchanting_table":1,"minecraft:bookshelf":21,"minecraft:command_block":7,"minecraft:smooth_quartz_slab":26,"minecraft:grass_block":2,"minecraft:polished_basalt":6,"minecraft:chest":3,"minecraft:iron_sword":8,"minecraft:totem_of_undying":10,"minecraft:stone_brick_stairs":4,"minecraft:stone_bricks":13,"minecraft:sand":2,"minecraft:golden_apple":1,"minecraft:diamond_sword":20,"minecraft:diamond_block":6,"minecraft:dirt":6,"minecraft:anvil":1,"minecraft:crafting_table":2,"minecraft:shulker_box":6,"minecraft:smooth_stone_slab":13,"minecraft:golden_axe":1},"minecraft:crafted":{"minecraft:iron_shovel":1,"minecraft:diamond_chestplate":6},"minecraft:dropped":{"minecraft:iron_sword":1,"minecraft:book":1,"minecraft:gold_nugget":4,"minecraft:golden_apple":64},"minecraft:killed":{"minecraft:zombie":3,"minecraft:pig":1,"minecraft:creeper":2},"minecraft:custom":{"minecraft:time_since_rest":36706,"minecraft:sprint_one_cm":238461,"minecraft:damage_absorbed":16,"minecraft:damage_taken":3505,"minecraft:walk_one_cm":126265,"minecraft:interact_with_anvil":1,"minecraft:mob_kills":6,"minecraft:drop":7,"minecraft:damage_dealt":1517,"minecraft:swim_one_cm":2778,"minecraft:interact_with_crafting_table":13,"minecraft:fly_one_cm":1827360,"minecraft:open_chest":1,"minecraft:crouch_one_cm":2337,"minecraft:play_time":385886,"minecraft:open_shulker_box":30,"minecraft:deaths":4,"minecraft:sneak_time":1658,"minecraft:walk_under_water_one_cm":22082,"minecraft:jump":3269,"minecraft:leave_game":16,"minecraft:time_since_death":36706,"minecraft:walk_on_water_one_cm":5595,"minecraft:enchant_item":3,"minecraft:total_world_time":385886,"minecraft:fall_one_cm":37787},"minecraft:mined":{"minecraft:grass":6},"minecraft:picked_up":{"minecraft:book":1,"minecraft:diamond_sword":1,"minecraft:porkchop":1,"minecraft:gunpowder":1,"minecraft:shulker_box":6,"minecraft:rotten_flesh":3,"minecraft:gold_nugget":4,"minecraft:golden_apple":64,"minecraft:iron_sword":1,"minecraft:egg":1}},"DataVersion":3465}