{"stats":{"minecraft:crafted":{"minecraft:iron_shovel":1,"minecraft:diamond_chestplate":6},"minecraft:picked_up":{"minecraft:porkchop":1,"minecraft:gunpowder":1,"minecraft:shulker_box":6,"minecraft:rotten_flesh":2,"minecraft:gold_nugget":4,"minecraft:golden_apple":64,"minecraft:egg":1},"minecraft:killed":{"minecraft:zombie":1,"minecraft:pig":1,"minecraft:creeper":1},"minecraft:custom":{"minecraft:time_since_rest":242322,"minecraft:sprint_one_cm":126458,"minecraft:damage_absorbed":16,"minecraft:damage_taken":2930,"minecraft:walk_one_cm":66491,"minecraft:mob_kills":3,"minecraft:drop":5,"minecraft:damage_dealt":700,"minecraft:swim_one_cm":1353,"minecraft:interact_with_crafting_table":13,"minecraft:fly_one_cm":1068510,"minecraft:crouch_one_cm":1251,"minecraft:play_time":242322,"minecraft:open_shulker_box":30,"minecraft:sneak_time":1110,"minecraft:walk_under_water_one_cm":17196,"minecraft:jump":1695,"minecraft:leave_game":9,"minecraft:time_since_death":242322,"minecraft:walk_on_water_one_cm":3425,"minecraft:total_world_time":242322,"minecraft:fall_one_cm":35246},"minecraft:mined":{"minecraft:grass":1},"minecraft:used":{"minecraft:creeper_spawn_egg":1,"minecraft:sea_lantern":6,"minecraft:command_block":7,"minecraft:smooth_quartz_slab":26,"minecraft:polished_basalt":6,"minecraft:chest":1,"minecraft:totem_of_undying":8,"minecraft:stone_brick_stairs":4,"minecraft:stone_bricks":13,"minecraft:golden_apple":1,"minecraft:diamond_sword":15,"minecraft:diamond_block":5,"minecraft:dirt":5,"minecraft:crafting_table":2,"minecraft:shulker_box":6,"minecraft:smooth_stone_slab":13,"minecraft:golden_axe":1},"minecraft:dropped":{"minecraft:gold_nugget":4,"minecraft:golden_apple":64}},"DataVersion":3465}