{"stats":{"minecraft:crafted":{"minecraft:iron_shovel":1,"minecraft:diamond_chestplate":6},"minecraft:picked_up":{"minecraft:porkchop":1,"minecraft:gunpowder":1,"minecraft:shulker_box":6,"minecraft:rotten_flesh":2,"minecraft:gold_nugget":4,"minecraft:golden_apple":64,"minecraft:egg":1},"minecraft:killed":{"minecraft:zombie":1,"minecraft:pig":1,"minecraft:creeper":2},"minecraft:custom":{"minecraft:time_since_rest":266322,"minecraft:sprint_one_cm":147422,"minecraft:damage_absorbed":16,"minecraft:damage_taken":2930,"minecraft:walk_one_cm":75494,"minecraft:mob_kills":4,"minecraft:drop":5,"minecraft:damage_dealt":900,"minecraft:swim_one_cm":1353,"minecraft:interact_with_crafting_table":13,"minecraft:fly_one_cm":1174880,"minecraft:crouch_one_cm":1326,"minecraft:play_time":266322,"minecraft:open_shulker_box":30,"minecraft:sneak_time":1158,"minecraft:walk_under_water_one_cm":18382,"minecraft:jump":1946,"minecraft:leave_game":9,"minecraft:time_since_death":266322,"minecraft:walk_on_water_one_cm":3665,"minecraft:total_world_time":266322,"minecraft:fall_one_cm":35246},"minecraft:mined":{"minecraft:grass":1},"minecraft:used":{"minecraft:creeper_spawn_egg":3,"minecraft:sea_lantern":6,"minecraft:command_block":7,"minecraft:smooth_quartz_slab":26,"minecraft:polished_basalt":6,"minecraft:chest":1,"minecraft:iron_sword":8,"minecraft:totem_of_undying":8,"minecraft:stone_brick_stairs":4,"minecraft:stone_bricks":13,"minecraft:golden_apple":1,"minecraft:diamond_sword":15,"minecraft:diamond_block":6,"minecraft:dirt":5,"minecraft:crafting_table":2,"minecraft:shulker_box":6,"minecraft:smooth_stone_slab":13,"minecraft:golden_axe":1},"minecraft:dropped":{"minecraft:gold_nugget":4,"minecraft:golden_apple":64}},"DataVersion":3465}