{"stats":{"minecraft:used":{"minecraft:stone_sword":5,"minecraft:stone_pickaxe":131,"minecraft:iron_pickaxe":193,"minecraft:oak_planks":4,"minecraft:shield":4,"minecraft:wooden_pickaxe":13,"minecraft:torch":1,"minecraft:stone_axe":13,"minecraft:dirt":5,"minecraft:cobblestone":14,"minecraft:crafting_table":4,"minecraft:furnace":2,"minecraft:bucket":1,"minecraft:cooked_beef":2},"minecraft:crafted":{"minecraft:cooked_beef":5,"minecraft:oak_planks":28,"minecraft:shield":1,"minecraft:crafting_table":1,"minecraft:stick":12,"minecraft:iron_pickaxe":1,"minecraft:iron_ingot":20,"minecraft:wooden_pickaxe":1,"minecraft:stone_pickaxe":1,"minecraft:stone_sword":1,"minecraft:furnace":1,"minecraft:bucket":1,"minecraft:torch":8,"minecraft:stone_axe":1,"minecraft:air":0},"minecraft:dropped":{"minecraft:diorite":5,"minecraft:wooden_pickaxe":1},"minecraft:killed":{"minecraft:cave_spider":1,"minecraft:spider":1,"minecraft:cow":2},"minecraft:custom":{"minecraft:time_since_rest":24000,"minecraft:interact_with_furnace":20,"minecraft:sprint_one_cm":54940,"minecraft:damage_taken":165,"minecraft:walk_one_cm":30939,"minecraft:damage_blocked_by_shield":155,"minecraft:mob_kills":4,"minecraft:drop":2,"minecraft:damage_dealt":660,"minecraft:interact_with_crafting_table":8,"minecraft:swim_one_cm":3130,"minecraft:fly_one_cm":31866,"minecraft:crouch_one_cm":15155,"minecraft:play_time":24000,"minecraft:sneak_time":6439,"minecraft:walk_under_water_one_cm":157,"minecraft:jump":261,"minecraft:walk_on_water_one_cm":1725,"minecraft:time_since_death":24000,"minecraft:total_world_time":24000,"minecraft:fall_one_cm":4792},"minecraft:mined":{"minecraft:diamond_ore":1,"minecraft:furnace":2,"minecraft:deepslate_diamond_ore":7,"minecraft:iron_ore":22,"minecraft:deepslate_lapis_ore":8,"minecraft:crafting_table":4,"minecraft:granite":21,"minecraft:grass":2,"minecraft:oak_log":7,"minecraft:grass_block":3,"minecraft:coal_ore":26,"minecraft:dripstone_block":2,"minecraft:dirt":8,"minecraft:cobweb":5,"minecraft:cobblestone":2,"minecraft:deepslate_gold_ore":8,"minecraft:lapis_ore":14,"minecraft:stone":111,"minecraft:deepslate":76,"minecraft:diorite":27,"minecraft:oak_leaves":3},"minecraft:broken":{"minecraft:stone_pickaxe":1},"minecraft:picked_up":{"minecraft:raw_iron":22,"minecraft:crafting_table":4,"minecraft:glow_ink_sac":3,"minecraft:leather":3,"minecraft:dripstone_block":2,"minecraft:oak_log":7,"minecraft:diorite":27,"minecraft:string":7,"minecraft:spider_eye":1,"minecraft:lapis_lazuli":134,"minecraft:dirt":11,"minecraft:diamond":8,"minecraft:cobbled_deepslate":76,"minecraft:raw_gold":8,"minecraft:granite":21,"minecraft:beef":5,"minecraft:coal":29,"minecraft:cobblestone":111,"minecraft:furnace":2}},"DataVersion":3465}