{"stats":{"minecraft:used":{"minecraft:water_bucket":11,"minecraft:stone_sword":5,"minecraft:diamond_boots":1,"minecraft:stone_pickaxe":131,"minecraft:oak_planks":4,"minecraft:wooden_pickaxe":13,"minecraft:shield":5,"minecraft:torch":14,"minecraft:dirt":5,"minecraft:crafting_table":8,"minecraft:diamond_pickaxe":249,"minecraft:iron_pickaxe":250,"minecraft:smooth_basalt":4,"minecraft:stone_axe":26,"minecraft:diamond_chestplate":1,"minecraft:cobblestone":59,"minecraft:furnace":2,"minecraft:bucket":12,"minecraft:cooked_beef":3,"minecraft:cobbled_deepslate":2},"minecraft:crafted":{"minecraft:cooked_beef":5,"minecraft:oak_planks":28,"minecraft:crafting_table":1,"minecraft:wooden_pickaxe":1,"minecraft:furnace":1,"minecraft:bucket":1,"minecraft:stone_axe":1,"minecraft:air":0,"minecraft:diamond_leggings":1,"minecraft:diamond_pickaxe":1,"minecraft:shield":1,"minecraft:stick":20,"minecraft:iron_ingot":20,"minecraft:iron_pickaxe":1,"minecraft:stone_pickaxe":1,"minecraft:stone_sword":1,"minecraft:diamond_boots":1,"minecraft:torch":8,"minecraft:diamond_chestplate":1},"minecraft:dropped":{"minecraft:cobbled_deepslate":2,"minecraft:dripstone_block":2,"minecraft:amethyst_block":1,"minecraft:diorite":5,"minecraft:wooden_pickaxe":1,"minecraft:calcite":2,"minecraft:smooth_basalt":3},"minecraft:killed":{"minecraft:cave_spider":1,"minecraft:spider":3,"minecraft:zombie":1,"minecraft:cow":2},"minecraft:custom":{"minecraft:interact_with_furnace":20,"minecraft:mob_kills":7,"minecraft:interact_with_crafting_table":14,"minecraft:leave_game":2,"minecraft:time_since_death":57752,"minecraft:time_since_rest":57752,"minecraft:sprint_one_cm":87604,"minecraft:damage_taken":255,"minecraft:walk_one_cm":89388,"minecraft:damage_blocked_by_shield":193,"minecraft:drop":7,"minecraft:damage_dealt":1251,"minecraft:swim_one_cm":3130,"minecraft:fly_one_cm":58339,"minecraft:open_chest":3,"minecraft:crouch_one_cm":35682,"minecraft:play_time":57752,"minecraft:sneak_time":14550,"minecraft:walk_under_water_one_cm":281,"minecraft:jump":645,"minecraft:walk_on_water_one_cm":5130,"minecraft:total_world_time":57752,"minecraft:fall_one_cm":8893},"minecraft:mined":{"minecraft:diamond_ore":1,"minecraft:tuff":5,"minecraft:deepslate_diamond_ore":58,"minecraft:crafting_table":8,"minecraft:obsidian":14,"minecraft:granite":21,"minecraft:grass_block":3,"minecraft:calcite":2,"minecraft:cobblestone":10,"minecraft:deepslate_gold_ore":8,"minecraft:lapis_ore":14,"minecraft:diorite":27,"minecraft:amethyst_block":1,"minecraft:furnace":2,"minecraft:iron_ore":22,"minecraft:deepslate_lapis_ore":8,"minecraft:grass":2,"minecraft:oak_log":7,"minecraft:coal_ore":26,"minecraft:deepslate_iron_ore":2,"minecraft:dripstone_block":2,"minecraft:dirt":8,"minecraft:cobweb":5,"minecraft:smooth_basalt":8,"minecraft:stone":114,"minecraft:oak_leaves":3,"minecraft:deepslate":288},"minecraft:broken":{"minecraft:stone_pickaxe":1,"minecraft:iron_pickaxe":1},"minecraft:picked_up":{"minecraft:crafting_table":8,"minecraft:glow_ink_sac":3,"minecraft:leather":3,"minecraft:tuff":5,"minecraft:oak_log":7,"minecraft:amethyst_block":1,"minecraft:lapis_lazuli":134,"minecraft:dirt":11,"minecraft:string":8,"minecraft:cobbled_deepslate":281,"minecraft:raw_gold":8,"minecraft:beef":5,"minecraft:calcite":2,"minecraft:furnace":2,"minecraft:raw_iron":24,"minecraft:smooth_basalt":7,"minecraft:dripstone_block":2,"minecraft:diorite":27,"minecraft:spider_eye":2,"minecraft:rotten_flesh":2,"minecraft:diamond":59,"minecraft:granite":21,"minecraft:obsidian":13,"minecraft:coal":29,"minecraft:cobblestone":122}},"DataVersion":3465}