{"stats":{"minecraft:used":{"minecraft:stone_pickaxe":124,"minecraft:oak_planks":4,"minecraft:wooden_pickaxe":13,"minecraft:torch":1,"minecraft:stone_axe":4,"minecraft:dirt":5,"minecraft:crafting_table":2,"minecraft:furnace":2},"minecraft:crafted":{"minecraft:oak_planks":28,"minecraft:shield":1,"minecraft:crafting_table":1,"minecraft:stick":12,"minecraft:iron_pickaxe":1,"minecraft:iron_ingot":13,"minecraft:wooden_pickaxe":1,"minecraft:stone_pickaxe":1,"minecraft:furnace":1,"minecraft:torch":8,"minecraft:stone_axe":1,"minecraft:air":0},"minecraft:killed":{"minecraft:cow":2},"minecraft:custom":{"minecraft:time_since_rest":12000,"minecraft:interact_with_furnace":13,"minecraft:sprint_one_cm":10493,"minecraft:damage_taken":90,"minecraft:walk_one_cm":8277,"minecraft:mob_kills":2,"minecraft:damage_dealt":200,"minecraft:interact_with_crafting_table":6,"minecraft:swim_one_cm":3130,"minecraft:fly_one_cm":23057,"minecraft:crouch_one_cm":8092,"minecraft:play_time":12000,"minecraft:sneak_time":3327,"minecraft:walk_under_water_one_cm":157,"minecraft:jump":129,"minecraft:walk_on_water_one_cm":433,"minecraft:time_since_death":12000,"minecraft:total_world_time":12000,"minecraft:fall_one_cm":3675},"minecraft:mined":{"minecraft:furnace":1,"minecraft:iron_ore":19,"minecraft:crafting_table":2,"minecraft:grass":2,"minecraft:oak_log":7,"minecraft:grass_block":3,"minecraft:coal_ore":26,"minecraft:dirt":8,"minecraft:stone":76,"minecraft:diorite":5,"minecraft:oak_leaves":3},"minecraft:picked_up":{"minecraft:raw_iron":19,"minecraft:crafting_table":2,"minecraft:leather":3,"minecraft:oak_log":7,"minecraft:diorite":5,"minecraft:dirt":11,"minecraft:beef":5,"minecraft:coal":29,"minecraft:cobblestone":76,"minecraft:furnace":1}},"DataVersion":3465}