{"stats":{"minecraft:used":{"minecraft:water_bucket":3,"minecraft:diamond_boots":1,"minecraft:stone_sword":5,"minecraft:stone_pickaxe":131,"minecraft:oak_planks":4,"minecraft:wooden_pickaxe":13,"minecraft:shield":4,"minecraft:torch":5,"minecraft:dirt":5,"minecraft:crafting_table":7,"minecraft:diamond_pickaxe":132,"minecraft:iron_pickaxe":250,"minecraft:smooth_basalt":4,"minecraft:stone_axe":21,"minecraft:diamond_chestplate":1,"minecraft:cobblestone":26,"minecraft:furnace":2,"minecraft:bucket":4,"minecraft:cooked_beef":2},"minecraft:crafted":{"minecraft:cooked_beef":5,"minecraft:oak_planks":28,"minecraft:crafting_table":1,"minecraft:wooden_pickaxe":1,"minecraft:furnace":1,"minecraft:bucket":1,"minecraft:stone_axe":1,"minecraft:air":0,"minecraft:diamond_leggings":1,"minecraft:diamond_pickaxe":1,"minecraft:shield":1,"minecraft:stick":16,"minecraft:iron_ingot":20,"minecraft:iron_pickaxe":1,"minecraft:stone_pickaxe":1,"minecraft:stone_sword":1,"minecraft:diamond_boots":1,"minecraft:torch":8,"minecraft:diamond_chestplate":1},"minecraft:dropped":{"minecraft:cobbled_deepslate":2,"minecraft:dripstone_block":2,"minecraft:amethyst_block":1,"minecraft:diorite":5,"minecraft:wooden_pickaxe":1,"minecraft:calcite":2,"minecraft:smooth_basalt":3},"minecraft:killed":{"minecraft:cave_spider":1,"minecraft:spider":3,"minecraft:cow":2},"minecraft:custom":{"minecraft:interact_with_furnace":20,"minecraft:mob_kills":6,"minecraft:interact_with_crafting_table":13,"minecraft:time_since_death":36000,"minecraft:time_since_rest":36000,"minecraft:sprint_one_cm":68136,"minecraft:damage_taken":185,"minecraft:walk_one_cm":49750,"minecraft:damage_blocked_by_shield":155,"minecraft:drop":7,"minecraft:damage_dealt":980,"minecraft:swim_one_cm":3130,"minecraft:fly_one_cm":43018,"minecraft:open_chest":3,"minecraft:crouch_one_cm":24547,"minecraft:play_time":36000,"minecraft:sneak_time":9817,"minecraft:walk_under_water_one_cm":157,"minecraft:jump":412,"minecraft:walk_on_water_one_cm":2707,"minecraft:total_world_time":36000,"minecraft:fall_one_cm":5841},"minecraft:mined":{"minecraft:diamond_ore":1,"minecraft:deepslate_diamond_ore":40,"minecraft:crafting_table":7,"minecraft:granite":21,"minecraft:calcite":2,"minecraft:grass_block":3,"minecraft:cobblestone":3,"minecraft:lapis_ore":14,"minecraft:deepslate_gold_ore":8,"minecraft:diorite":27,"minecraft:amethyst_block":1,"minecraft:furnace":2,"minecraft:iron_ore":22,"minecraft:deepslate_lapis_ore":8,"minecraft:grass":2,"minecraft:coal_ore":26,"minecraft:oak_log":7,"minecraft:deepslate_iron_ore":2,"minecraft:dirt":8,"minecraft:dripstone_block":2,"minecraft:cobweb":5,"minecraft:smooth_basalt":8,"minecraft:stone":111,"minecraft:oak_leaves":3,"minecraft:deepslate":218},"minecraft:broken":{"minecraft:stone_pickaxe":1,"minecraft:iron_pickaxe":1},"minecraft:picked_up":{"minecraft:crafting_table":7,"minecraft:glow_ink_sac":3,"minecraft:leather":3,"minecraft:oak_log":7,"minecraft:amethyst_block":1,"minecraft:lapis_lazuli":134,"minecraft:dirt":11,"minecraft:string":8,"minecraft:cobbled_deepslate":216,"minecraft:raw_gold":8,"minecraft:beef":5,"minecraft:calcite":2,"minecraft:furnace":2,"minecraft:raw_iron":24,"minecraft:smooth_basalt":7,"minecraft:dripstone_block":2,"minecraft:diorite":27,"minecraft:spider_eye":2,"minecraft:diamond":41,"minecraft:granite":21,"minecraft:coal":29,"minecraft:cobblestone":112}},"DataVersion":3465}