{"stats":{"minecraft:used":{"minecraft:water_bucket":11,"minecraft:stone_sword":5,"minecraft:diamond_boots":1,"minecraft:stone_pickaxe":131,"minecraft:oak_planks":4,"minecraft:wooden_pickaxe":13,"minecraft:shield":8,"minecraft:rotten_flesh":4,"minecraft:torch":14,"minecraft:dirt":5,"minecraft:crafting_table":9,"minecraft:diamond_pickaxe":303,"minecraft:lava_bucket":1,"minecraft:iron_pickaxe":250,"minecraft:smooth_basalt":4,"minecraft:stone_axe":60,"minecraft:diamond_chestplate":1,"minecraft:cobblestone":73,"minecraft:furnace":2,"minecraft:bucket":14,"minecraft:cooked_beef":4,"minecraft:cobbled_deepslate":9},"minecraft:crafted":{"minecraft:cooked_beef":5,"minecraft:oak_planks":28,"minecraft:crafting_table":1,"minecraft:wooden_pickaxe":1,"minecraft:furnace":1,"minecraft:bucket":2,"minecraft:stone_axe":1,"minecraft:air":0,"minecraft:diamond_leggings":1,"minecraft:diamond_pickaxe":1,"minecraft:shield":1,"minecraft:stick":20,"minecraft:iron_ingot":20,"minecraft:iron_pickaxe":1,"minecraft:stone_pickaxe":1,"minecraft:stone_sword":1,"minecraft:diamond_boots":1,"minecraft:torch":8,"minecraft:diamond_chestplate":1},"minecraft:dropped":{"minecraft:lapis_lazuli":6,"minecraft:stone_sword":1,"minecraft:cobbled_deepslate":2,"minecraft:tuff":10,"minecraft:dripstone_block":2,"minecraft:cobblestone":8,"minecraft:oak_planks":1,"minecraft:amethyst_block":1,"minecraft:diorite":5,"minecraft:wooden_pickaxe":1,"minecraft:calcite":2,"minecraft:smooth_basalt":3},"minecraft:killed":{"minecraft:cave_spider":1,"minecraft:spider":3,"minecraft:zombie":5,"minecraft:cow":2},"minecraft:custom":{"minecraft:interact_with_furnace":20,"minecraft:mob_kills":12,"minecraft:interact_with_crafting_table":16,"minecraft:leave_game":3,"minecraft:time_since_death":73860,"minecraft:time_since_rest":73860,"minecraft:sprint_one_cm":104725,"minecraft:damage_taken":429,"minecraft:walk_one_cm":141123,"minecraft:damage_blocked_by_shield":307,"minecraft:drop":13,"minecraft:damage_dealt":3554,"minecraft:swim_one_cm":3130,"minecraft:fly_one_cm":77353,"minecraft:open_chest":3,"minecraft:crouch_one_cm":37631,"minecraft:play_time":73860,"minecraft:sneak_time":15360,"minecraft:walk_under_water_one_cm":281,"minecraft:jump":826,"minecraft:walk_on_water_one_cm":5130,"minecraft:total_world_time":73860,"minecraft:fall_one_cm":11250},"minecraft:mined":{"minecraft:diamond_ore":1,"minecraft:tuff":5,"minecraft:deepslate_diamond_ore":58,"minecraft:crafting_table":8,"minecraft:obsidian":14,"minecraft:granite":21,"minecraft:grass_block":3,"minecraft:calcite":2,"minecraft:cobblestone":14,"minecraft:deepslate_gold_ore":8,"minecraft:lapis_ore":14,"minecraft:diorite":27,"minecraft:amethyst_block":1,"minecraft:furnace":2,"minecraft:iron_ore":22,"minecraft:deepslate_lapis_ore":8,"minecraft:grass":2,"minecraft:oak_log":7,"minecraft:coal_ore":26,"minecraft:deepslate_iron_ore":2,"minecraft:dripstone_block":2,"minecraft:dirt":8,"minecraft:cobweb":5,"minecraft:smooth_basalt":8,"minecraft:stone":114,"minecraft:player_head":1,"minecraft:oak_leaves":3,"minecraft:deepslate":338},"minecraft:broken":{"minecraft:stone_pickaxe":1,"minecraft:iron_pickaxe":1},"minecraft:picked_up":{"minecraft:crafting_table":8,"minecraft:glow_ink_sac":3,"minecraft:leather":3,"minecraft:tuff":10,"minecraft:oak_log":7,"minecraft:amethyst_block":1,"minecraft:lapis_lazuli":134,"minecraft:dirt":11,"minecraft:string":8,"minecraft:cooked_mutton":27,"minecraft:cobbled_deepslate":327,"minecraft:raw_gold":17,"minecraft:beef":5,"minecraft:player_head":1,"minecraft:calcite":2,"minecraft:furnace":2,"minecraft:raw_iron":24,"minecraft:smooth_basalt":7,"minecraft:dripstone_block":2,"minecraft:diorite":27,"minecraft:spider_eye":2,"minecraft:rotten_flesh":9,"minecraft:diamond":60,"minecraft:granite":21,"minecraft:emerald":1,"minecraft:obsidian":13,"minecraft:coal":29,"minecraft:cobblestone":125}},"DataVersion":3465}