{"stats":{"minecraft:used":{"minecraft:cooked_mutton":1,"minecraft:water_bucket":13,"minecraft:stone_sword":5,"minecraft:diamond_boots":1,"minecraft:stone_pickaxe":131,"minecraft:oak_planks":4,"minecraft:shield":8,"minecraft:wooden_pickaxe":13,"minecraft:rotten_flesh":12,"minecraft:torch":14,"minecraft:dirt":5,"minecraft:crafting_table":9,"minecraft:diamond_pickaxe":304,"minecraft:lava_bucket":3,"minecraft:iron_axe":31,"minecraft:iron_pickaxe":250,"minecraft:smooth_basalt":4,"minecraft:stone_axe":71,"minecraft:diamond_chestplate":1,"minecraft:cobblestone":73,"minecraft:furnace":2,"minecraft:bucket":18,"minecraft:cooked_beef":5,"minecraft:cobbled_deepslate":25},"minecraft:crafted":{"minecraft:cooked_beef":5,"minecraft:oak_planks":28,"minecraft:crafting_table":1,"minecraft:wooden_pickaxe":1,"minecraft:furnace":1,"minecraft:bucket":2,"minecraft:stone_axe":1,"minecraft:air":0,"minecraft:diamond_leggings":1,"minecraft:diamond_pickaxe":1,"minecraft:shield":1,"minecraft:iron_axe":1,"minecraft:stick":20,"minecraft:iron_ingot":20,"minecraft:iron_pickaxe":1,"minecraft:stone_pickaxe":1,"minecraft:gold_ingot":1,"minecraft:stone_sword":1,"minecraft:diamond_boots":1,"minecraft:torch":8,"minecraft:diamond_chestplate":1},"minecraft:dropped":{"minecraft:wheat_seeds":1,"minecraft:lapis_lazuli":6,"minecraft:stone_sword":1,"minecraft:cobbled_deepslate":2,"minecraft:tuff":10,"minecraft:dripstone_block":2,"minecraft:white_carpet":1,"minecraft:cobblestone":8,"minecraft:oak_planks":1,"minecraft:amethyst_block":1,"minecraft:light_gray_carpet":2,"minecraft:golden_apple":1,"minecraft:diorite":5,"minecraft:wooden_pickaxe":1,"minecraft:calcite":2,"minecraft:bone":1,"minecraft:smooth_basalt":3},"minecraft:killed":{"minecraft:cave_spider":1,"minecraft:spider":3,"minecraft:zombie":11,"minecraft:wither_skeleton":1,"minecraft:cow":2},"minecraft:custom":{"minecraft:interact_with_furnace":20,"minecraft:mob_kills":19,"minecraft:interact_with_crafting_table":18,"minecraft:leave_game":4,"minecraft:time_since_death":84900,"minecraft:time_since_rest":84900,"minecraft:sprint_one_cm":135446,"minecraft:damage_taken":627,"minecraft:walk_one_cm":170515,"minecraft:damage_blocked_by_shield":307,"minecraft:drop":18,"minecraft:damage_dealt":6151,"minecraft:swim_one_cm":3130,"minecraft:fly_one_cm":146246,"minecraft:open_chest":3,"minecraft:crouch_one_cm":38873,"minecraft:play_time":84900,"minecraft:sneak_time":15737,"minecraft:walk_under_water_one_cm":1360,"minecraft:jump":1149,"minecraft:interact_with_blast_furnace":5,"minecraft:walk_on_water_one_cm":8148,"minecraft:total_world_time":84900,"minecraft:fall_one_cm":17322},"minecraft:mined":{"minecraft:diamond_ore":1,"minecraft:tuff":5,"minecraft:red_bed":1,"minecraft:deepslate_diamond_ore":58,"minecraft:crafting_table":8,"minecraft:obsidian":14,"minecraft:granite":21,"minecraft:grass_block":3,"minecraft:calcite":2,"minecraft:cobblestone":14,"minecraft:deepslate_gold_ore":8,"minecraft:lapis_ore":14,"minecraft:sugar_cane":2,"minecraft:diorite":27,"minecraft:amethyst_block":1,"minecraft:furnace":2,"minecraft:iron_ore":22,"minecraft:fire":7,"minecraft:deepslate_lapis_ore":8,"minecraft:grass":2,"minecraft:oak_log":7,"minecraft:coal_ore":26,"minecraft:deepslate_iron_ore":2,"minecraft:dripstone_block":2,"minecraft:dirt":8,"minecraft:cobweb":5,"minecraft:smooth_basalt":8,"minecraft:stone":114,"minecraft:player_head":1,"minecraft:oak_leaves":3,"minecraft:deepslate":338},"minecraft:broken":{"minecraft:stone_pickaxe":1,"minecraft:stone_axe":1,"minecraft:iron_pickaxe":1},"minecraft:picked_up":{"minecraft:crafting_table":8,"minecraft:glow_ink_sac":3,"minecraft:leather":3,"minecraft:tuff":10,"minecraft:oak_log":7,"minecraft:amethyst_block":1,"minecraft:lapis_lazuli":134,"minecraft:string":8,"minecraft:dirt":11,"minecraft:red_bed":1,"minecraft:white_carpet":1,"minecraft:cooked_mutton":27,"minecraft:bone":1,"minecraft:wheat_seeds":1,"minecraft:cobbled_deepslate":327,"minecraft:raw_gold":18,"minecraft:beef":5,"minecraft:calcite":2,"minecraft:player_head":1,"minecraft:sugar_cane":13,"minecraft:furnace":2,"minecraft:raw_iron":24,"minecraft:smooth_basalt":7,"minecraft:dripstone_block":2,"minecraft:diorite":27,"minecraft:spider_eye":2,"minecraft:rotten_flesh":15,"minecraft:diamond":62,"minecraft:granite":21,"minecraft:emerald":1,"minecraft:light_gray_carpet":2,"minecraft:obsidian":13,"minecraft:coal":29,"minecraft:cobblestone":125}},"DataVersion":3465}